Student_ID,Age,Gender,Academic_Level,Country,Affects_Academic_Performance,Sleep_Hours_Per_Night,Mental_Health_Score,Relationship_Status,Conflicts_Over_Social_Media,Addicted_Score,Instagram,Twitter,TikTok,YouTube,Facebook,LinkedIn,Snapchat,LINE,KakaoTalk,VKontakte,WhatsApp,WeChat
1,19,Female,Undergraduate,Bangladesh,Yes,6.5,6,In Relationship,3,8,5.2,NA,NA,NA,NA,NA,NA,NA,NA,NA,NA,NA
2,22,Male,Graduate,India,No,7.5,8,Single,0,3,NA,2.1,NA,NA,NA,NA,NA,NA,NA,NA,NA,NA
3,20,Female,Undergraduate,USA,Yes,5,5,Complicated,4,9,NA,NA,6,NA,NA,NA,NA,NA,NA,NA,NA,NA
4,18,Male,High School,UK,No,7,7,Single,1,4,NA,NA,NA,3,NA,NA,NA,NA,NA,NA,NA,NA
5,21,Male,Graduate,Canada,Yes,6,6,In Relationship,2,7,NA,NA,NA,NA,4.5,NA,NA,NA,NA,NA,NA,NA
6,19,Female,Undergraduate,Australia,Yes,4.5,4,Complicated,5,9,7.2,NA,NA,NA,NA,NA,NA,NA,NA,NA,NA,NA
7,23,Male,Graduate,Germany,No,8,9,Single,0,2,NA,NA,NA,NA,NA,1.5,NA,NA,NA,NA,NA,NA
8,20,Female,Undergraduate,Brazil,Yes,6,6,In Relationship,2,8,NA,NA,NA,NA,NA,NA,5.8,NA,NA,NA,NA,NA
9,18,Male,High School,Japan,No,6.5,7,Single,1,5,NA,NA,4,NA,NA,NA,NA,NA,NA,NA,NA,NA
10,21,Female,Graduate,South Korea,No,7,7,In Relationship,1,4,3.3,NA,NA,NA,NA,NA,NA,NA,NA,NA,NA,NA
11,19,Male,Undergraduate,France,Yes,6.2,5,Complicated,3,7,NA,NA,NA,NA,NA,NA,4.8,NA,NA,NA,NA,NA
12,20,Female,Undergraduate,Spain,Yes,5.8,6,In Relationship,2,8,NA,NA,5.5,NA,NA,NA,NA,NA,NA,NA,NA,NA
13,22,Male,Graduate,Italy,No,7.2,8,Single,1,4,NA,NA,NA,NA,NA,2.8,NA,NA,NA,NA,NA,NA
14,18,Female,High School,Mexico,Yes,5.5,5,Single,4,9,6.5,NA,NA,NA,NA,NA,NA,NA,NA,NA,NA,NA
15,21,Male,Undergraduate,Russia,No,6.8,7,In Relationship,2,5,NA,NA,NA,3.7,NA,NA,NA,NA,NA,NA,NA,NA
16,20,Female,Undergraduate,China,Yes,6,6,Complicated,3,7,NA,NA,4.2,NA,NA,NA,NA,NA,NA,NA,NA,NA
17,24,Male,Graduate,Sweden,No,7.8,8,Single,0,3,NA,NA,NA,NA,NA,2,NA,NA,NA,NA,NA,NA
18,19,Female,High School,Norway,Yes,5.7,5,In Relationship,3,8,5,NA,NA,NA,NA,NA,NA,NA,NA,NA,NA,NA
19,21,Male,Undergraduate,Denmark,No,6.7,7,Single,1,5,NA,NA,NA,NA,3.5,NA,NA,NA,NA,NA,NA,NA
20,20,Female,Undergraduate,Netherlands,Yes,5.9,6,Complicated,3,7,NA,NA,NA,NA,NA,NA,4.7,NA,NA,NA,NA,NA
21,18,Male,High School,Belgium,Yes,5.5,5,Single,4,8,NA,NA,5.3,NA,NA,NA,NA,NA,NA,NA,NA,NA
22,23,Female,Graduate,Switzerland,No,7.3,8,In Relationship,1,4,NA,NA,NA,NA,NA,2.5,NA,NA,NA,NA,NA,NA
23,19,Male,Undergraduate,Austria,Yes,5.8,6,Complicated,3,7,4.9,NA,NA,NA,NA,NA,NA,NA,NA,NA,NA,NA
24,20,Female,Undergraduate,Portugal,Yes,5.4,5,Single,4,8,NA,NA,5.7,NA,NA,NA,NA,NA,NA,NA,NA,NA
25,22,Male,Graduate,Greece,No,6.9,7,In Relationship,2,5,NA,NA,NA,NA,3.2,NA,NA,NA,NA,NA,NA,NA
26,19,Female,High School,Ireland,Yes,5.2,5,Complicated,4,9,6.1,NA,NA,NA,NA,NA,NA,NA,NA,NA,NA,NA
27,21,Male,Undergraduate,New Zealand,No,6.6,7,Single,1,5,NA,NA,NA,3.8,NA,NA,NA,NA,NA,NA,NA,NA
28,20,Female,Undergraduate,Singapore,Yes,5.9,6,In Relationship,3,7,NA,NA,4.4,NA,NA,NA,NA,NA,NA,NA,NA,NA
29,24,Male,Graduate,Malaysia,No,7.4,8,Single,0,3,NA,NA,NA,NA,NA,2.2,NA,NA,NA,NA,NA,NA
30,19,Female,High School,Thailand,Yes,5.3,5,Complicated,4,8,5.9,NA,NA,NA,NA,NA,NA,NA,NA,NA,NA,NA
31,21,Male,Undergraduate,Vietnam,No,6.7,7,Single,1,5,NA,NA,NA,NA,3.6,NA,NA,NA,NA,NA,NA,NA
32,20,Female,Undergraduate,Philippines,Yes,5.7,6,In Relationship,3,7,NA,NA,NA,NA,NA,NA,4.8,NA,NA,NA,NA,NA
33,18,Male,High School,Indonesia,Yes,5.4,5,Complicated,4,8,NA,NA,5.4,NA,NA,NA,NA,NA,NA,NA,NA,NA
34,23,Female,Graduate,Taiwan,No,7.2,8,Single,1,4,NA,NA,NA,NA,NA,2.6,NA,NA,NA,NA,NA,NA
35,19,Male,Undergraduate,Hong Kong,Yes,5.8,6,In Relationship,3,7,4.7,NA,NA,NA,NA,NA,NA,NA,NA,NA,NA,NA
36,20,Female,Undergraduate,Turkey,Yes,5.5,5,Complicated,4,8,NA,NA,5.6,NA,NA,NA,NA,NA,NA,NA,NA,NA
37,22,Male,Graduate,Israel,No,6.8,7,Single,1,5,NA,NA,NA,NA,3.1,NA,NA,NA,NA,NA,NA,NA
38,19,Female,High School,UAE,Yes,5.1,5,In Relationship,4,9,6.2,NA,NA,NA,NA,NA,NA,NA,NA,NA,NA,NA
39,21,Male,Undergraduate,Egypt,No,6.5,7,Complicated,2,6,NA,NA,NA,3.9,NA,NA,NA,NA,NA,NA,NA,NA
40,20,Female,Undergraduate,Morocco,Yes,5.8,6,Single,3,7,NA,NA,4.5,NA,NA,NA,NA,NA,NA,NA,NA,NA
41,24,Male,Graduate,South Africa,No,7.3,8,In Relationship,1,4,NA,NA,NA,NA,NA,2.3,NA,NA,NA,NA,NA,NA
42,19,Female,High School,Nigeria,Yes,5.4,5,Complicated,4,8,5.8,NA,NA,NA,NA,NA,NA,NA,NA,NA,NA,NA
43,21,Male,Undergraduate,Kenya,No,6.6,7,Single,2,5,NA,NA,NA,NA,3.7,NA,NA,NA,NA,NA,NA,NA
44,20,Female,Undergraduate,Ghana,Yes,5.7,6,In Relationship,3,7,NA,NA,NA,NA,NA,NA,4.6,NA,NA,NA,NA,NA
45,18,Male,High School,Argentina,Yes,5.3,5,Single,4,8,NA,NA,5.5,NA,NA,NA,NA,NA,NA,NA,NA,NA
46,23,Female,Graduate,Chile,No,7.1,8,Complicated,1,4,NA,NA,NA,NA,NA,2.7,NA,NA,NA,NA,NA,NA
47,19,Male,Undergraduate,Colombia,Yes,5.9,6,In Relationship,3,7,4.8,NA,NA,NA,NA,NA,NA,NA,NA,NA,NA,NA
48,20,Female,Undergraduate,Peru,Yes,5.6,5,Single,4,8,NA,NA,5.5,NA,NA,NA,NA,NA,NA,NA,NA,NA
49,22,Male,Graduate,Venezuela,No,6.7,7,In Relationship,2,5,NA,NA,NA,NA,3.3,NA,NA,NA,NA,NA,NA,NA
50,19,Female,High School,Ecuador,Yes,5.2,5,Complicated,4,9,6.3,NA,NA,NA,NA,NA,NA,NA,NA,NA,NA,NA
51,21,Male,Undergraduate,Uruguay,No,6.4,7,Single,2,6,NA,NA,NA,3.8,NA,NA,NA,NA,NA,NA,NA,NA
52,20,Female,Undergraduate,Paraguay,Yes,5.8,6,In Relationship,3,7,NA,NA,4.7,NA,NA,NA,NA,NA,NA,NA,NA,NA
53,24,Male,Graduate,Bolivia,No,7.2,8,Complicated,1,4,NA,NA,NA,NA,NA,2.4,NA,NA,NA,NA,NA,NA
54,19,Female,High School,Costa Rica,Yes,5.5,5,Single,4,8,5.7,NA,NA,NA,NA,NA,NA,NA,NA,NA,NA,NA
55,21,Male,Undergraduate,Panama,No,6.5,7,In Relationship,2,5,NA,NA,NA,NA,3.6,NA,NA,NA,NA,NA,NA,NA
56,20,Female,Undergraduate,Jamaica,Yes,5.6,6,Complicated,3,7,NA,NA,NA,NA,NA,NA,4.9,NA,NA,NA,NA,NA
57,18,Male,High School,Trinidad,Yes,5.2,5,Single,4,8,NA,NA,5.6,NA,NA,NA,NA,NA,NA,NA,NA,NA
58,23,Female,Graduate,Bahamas,No,7,8,In Relationship,1,4,NA,NA,NA,NA,NA,2.8,NA,NA,NA,NA,NA,NA
59,19,Male,Undergraduate,Iceland,Yes,5.9,6,Complicated,3,7,4.6,NA,NA,NA,NA,NA,NA,NA,NA,NA,NA,NA
60,20,Female,Undergraduate,Finland,Yes,5.7,5,Single,4,8,NA,NA,5.4,NA,NA,NA,NA,NA,NA,NA,NA,NA
61,22,Male,Graduate,Poland,No,7.1,7,Single,1,5,NA,NA,NA,NA,3.1,NA,NA,NA,NA,NA,NA,NA
62,19,Female,Undergraduate,Romania,Yes,5.6,5,In Relationship,3,8,5.6,NA,NA,NA,NA,NA,NA,NA,NA,NA,NA,NA
63,20,Male,Undergraduate,Hungary,Yes,6,6,Complicated,3,7,NA,NA,4.2,NA,NA,NA,NA,NA,NA,NA,NA,NA
64,18,Female,High School,Czech Republic,Yes,5.2,4,Single,4,9,NA,NA,NA,NA,NA,NA,6.1,NA,NA,NA,NA,NA
65,23,Male,Graduate,Slovakia,No,7.4,8,In Relationship,1,3,NA,NA,NA,NA,NA,2.3,NA,NA,NA,NA,NA,NA
66,21,Female,Undergraduate,Croatia,Yes,5.8,6,Single,3,7,4.8,NA,NA,NA,NA,NA,NA,NA,NA,NA,NA,NA
67,20,Male,Undergraduate,Serbia,No,6.5,7,Complicated,2,6,NA,NA,NA,3.9,NA,NA,NA,NA,NA,NA,NA,NA
68,19,Female,High School,Slovenia,Yes,5.4,5,In Relationship,4,8,NA,NA,5.7,NA,NA,NA,NA,NA,NA,NA,NA,NA
69,22,Male,Graduate,Bulgaria,No,7.2,8,Single,1,4,NA,NA,NA,NA,NA,2.8,NA,NA,NA,NA,NA,NA
70,20,Female,Undergraduate,Estonia,Yes,5.9,6,Complicated,3,7,4.5,NA,NA,NA,NA,NA,NA,NA,NA,NA,NA,NA
71,18,Male,High School,Latvia,Yes,5.5,5,Single,4,8,NA,NA,NA,NA,NA,NA,5.4,NA,NA,NA,NA,NA
72,21,Female,Graduate,Lithuania,No,6.8,7,In Relationship,2,5,NA,NA,NA,NA,3.2,NA,NA,NA,NA,NA,NA,NA
73,19,Male,Undergraduate,Ukraine,Yes,5.7,6,Complicated,3,7,NA,NA,4.9,NA,NA,NA,NA,NA,NA,NA,NA,NA
74,20,Female,Undergraduate,Moldova,Yes,5.3,5,Single,4,8,5.8,NA,NA,NA,NA,NA,NA,NA,NA,NA,NA,NA
75,23,Male,Graduate,Belarus,No,7.3,8,In Relationship,1,4,NA,NA,NA,NA,NA,2.5,NA,NA,NA,NA,NA,NA
76,21,Female,Undergraduate,Kazakhstan,Yes,5.8,6,Single,3,7,NA,NA,NA,NA,NA,NA,4.6,NA,NA,NA,NA,NA
77,19,Male,High School,Uzbekistan,Yes,5.4,5,Complicated,4,8,NA,NA,5.5,NA,NA,NA,NA,NA,NA,NA,NA,NA
78,22,Female,Graduate,Kyrgyzstan,No,7,7,In Relationship,2,5,NA,NA,NA,NA,2.9,NA,NA,NA,NA,NA,NA,NA
79,20,Male,Undergraduate,Tajikistan,Yes,5.9,6,Single,3,7,NA,NA,NA,4.7,NA,NA,NA,NA,NA,NA,NA,NA
80,18,Female,High School,Armenia,Yes,5.2,5,Complicated,4,9,5.9,NA,NA,NA,NA,NA,NA,NA,NA,NA,NA,NA
81,21,Male,Graduate,Georgia,No,7.1,8,In Relationship,1,4,NA,NA,NA,NA,NA,3,NA,NA,NA,NA,NA,NA
82,19,Female,Undergraduate,Azerbaijan,Yes,5.7,6,Single,3,7,NA,NA,4.8,NA,NA,NA,NA,NA,NA,NA,NA,NA
83,20,Male,Undergraduate,Cyprus,No,6.6,7,Complicated,2,6,NA,NA,NA,NA,3.8,NA,NA,NA,NA,NA,NA,NA
84,22,Female,Graduate,Malta,No,7.2,8,In Relationship,1,4,NA,NA,NA,NA,NA,2.7,NA,NA,NA,NA,NA,NA
85,18,Male,High School,Luxembourg,Yes,5.3,5,Single,4,8,NA,NA,NA,NA,NA,NA,5.6,NA,NA,NA,NA,NA
86,21,Female,Undergraduate,Monaco,Yes,5.8,6,Complicated,3,7,4.5,NA,NA,NA,NA,NA,NA,NA,NA,NA,NA,NA
87,19,Male,High School,Andorra,Yes,5.5,5,In Relationship,4,8,NA,NA,5.3,NA,NA,NA,NA,NA,NA,NA,NA,NA
88,23,Female,Graduate,San Marino,No,7.3,8,Single,1,4,NA,NA,NA,NA,NA,2.6,NA,NA,NA,NA,NA,NA
89,20,Male,Undergraduate,Vatican City,Yes,6,6,Complicated,3,7,NA,NA,NA,4.4,NA,NA,NA,NA,NA,NA,NA,NA
90,18,Female,High School,Liechtenstein,Yes,5.2,5,Single,4,9,5.8,NA,NA,NA,NA,NA,NA,NA,NA,NA,NA,NA
91,22,Male,Graduate,Montenegro,No,7,7,In Relationship,2,5,NA,NA,NA,NA,2.9,NA,NA,NA,NA,NA,NA,NA
92,19,Female,Undergraduate,Albania,Yes,5.8,6,Complicated,3,7,NA,NA,4.7,NA,NA,NA,NA,NA,NA,NA,NA,NA
93,21,Male,Undergraduate,North Macedonia,No,6.5,7,Single,2,6,NA,NA,NA,NA,NA,NA,3.7,NA,NA,NA,NA,NA
94,20,Female,High School,Kosovo,Yes,5.4,5,In Relationship,4,8,5.5,NA,NA,NA,NA,NA,NA,NA,NA,NA,NA,NA
95,23,Male,Graduate,Bosnia,No,7.4,8,Complicated,1,4,NA,NA,NA,NA,NA,2.4,NA,NA,NA,NA,NA,NA
96,19,Female,Undergraduate,Qatar,Yes,5.7,6,Single,3,7,NA,NA,4.9,NA,NA,NA,NA,NA,NA,NA,NA,NA
97,18,Male,High School,Kuwait,Yes,5.3,5,In Relationship,4,8,NA,NA,NA,NA,NA,NA,5.7,NA,NA,NA,NA,NA
98,22,Female,Graduate,Bahrain,No,7.1,8,Complicated,1,4,NA,NA,NA,NA,NA,2.8,NA,NA,NA,NA,NA,NA
99,20,Male,Undergraduate,Oman,Yes,5.9,6,Single,3,7,4.6,NA,NA,NA,NA,NA,NA,NA,NA,NA,NA,NA
100,21,Female,Undergraduate,Jordan,Yes,5.5,5,In Relationship,4,8,NA,NA,5.4,NA,NA,NA,NA,NA,NA,NA,NA,NA
101,19,Male,High School,Lebanon,Yes,5.2,5,Complicated,4,9,NA,NA,NA,5.8,NA,NA,NA,NA,NA,NA,NA,NA
102,23,Female,Graduate,Iraq,No,7.3,8,Single,1,4,NA,NA,NA,NA,NA,2.5,NA,NA,NA,NA,NA,NA
103,20,Male,Undergraduate,Yemen,Yes,5.8,6,In Relationship,3,7,NA,NA,NA,NA,4.7,NA,NA,NA,NA,NA,NA,NA
104,18,Female,High School,Syria,Yes,5.4,5,Single,4,8,5.6,NA,NA,NA,NA,NA,NA,NA,NA,NA,NA,NA
105,22,Male,Graduate,Afghanistan,No,7,7,Complicated,2,5,NA,NA,NA,NA,NA,2.9,NA,NA,NA,NA,NA,NA
106,19,Female,Undergraduate,Pakistan,Yes,5.7,6,In Relationship,3,7,NA,NA,4.8,NA,NA,NA,NA,NA,NA,NA,NA,NA
107,21,Male,Undergraduate,Nepal,No,6.6,7,Single,2,6,NA,NA,NA,3.8,NA,NA,NA,NA,NA,NA,NA,NA
108,20,Female,High School,Bhutan,Yes,5.5,5,Complicated,4,8,NA,NA,NA,NA,NA,NA,5.5,NA,NA,NA,NA,NA
109,23,Male,Graduate,Sri Lanka,No,7.2,8,In Relationship,1,4,NA,NA,NA,NA,NA,2.6,NA,NA,NA,NA,NA,NA
110,19,Female,Undergraduate,Maldives,Yes,5.8,6,Single,3,7,4.9,NA,NA,NA,NA,NA,NA,NA,NA,NA,NA,NA
111,20,Male,Undergraduate,Bangladesh,Yes,6.2,5,Single,4,8,6.1,NA,NA,NA,NA,NA,NA,NA,NA,NA,NA,NA
112,21,Female,Undergraduate,India,Yes,5.9,6,In Relationship,3,7,NA,NA,5.8,NA,NA,NA,NA,NA,NA,NA,NA,NA
113,19,Male,Undergraduate,Nepal,No,7.1,7,Single,2,5,NA,NA,NA,NA,4.9,NA,NA,NA,NA,NA,NA,NA
114,22,Female,Graduate,Pakistan,Yes,6,5,Single,4,8,5.5,NA,NA,NA,NA,NA,NA,NA,NA,NA,NA,NA
115,20,Male,Undergraduate,Sri Lanka,Yes,6.3,6,In Relationship,3,7,NA,NA,5.2,NA,NA,NA,NA,NA,NA,NA,NA,NA
116,19,Female,Undergraduate,Maldives,No,7.2,8,Single,2,5,4.8,NA,NA,NA,NA,NA,NA,NA,NA,NA,NA,NA
117,21,Male,Graduate,Bangladesh,Yes,5.8,5,In Relationship,4,8,NA,NA,NA,NA,6,NA,NA,NA,NA,NA,NA,NA
118,20,Female,Undergraduate,India,Yes,6.1,6,Single,3,7,5.7,NA,NA,NA,NA,NA,NA,NA,NA,NA,NA,NA
119,22,Male,Graduate,Nepal,No,7.3,7,Single,2,5,NA,NA,4.7,NA,NA,NA,NA,NA,NA,NA,NA,NA
120,19,Female,Undergraduate,Pakistan,Yes,6.2,5,In Relationship,4,8,5.4,NA,NA,NA,NA,NA,NA,NA,NA,NA,NA,NA
121,20,Male,Undergraduate,Sri Lanka,Yes,5.9,6,Single,3,7,NA,NA,NA,NA,5.9,NA,NA,NA,NA,NA,NA,NA
122,21,Female,Graduate,Maldives,No,7.4,8,In Relationship,2,5,4.6,NA,NA,NA,NA,NA,NA,NA,NA,NA,NA,NA
123,19,Male,Undergraduate,Bangladesh,Yes,6.3,5,Single,4,8,NA,NA,5.3,NA,NA,NA,NA,NA,NA,NA,NA,NA
124,22,Female,Graduate,India,Yes,5.8,6,In Relationship,3,7,5.8,NA,NA,NA,NA,NA,NA,NA,NA,NA,NA,NA
125,20,Male,Undergraduate,Nepal,No,7.5,7,Single,2,5,NA,NA,NA,NA,4.5,NA,NA,NA,NA,NA,NA,NA
126,21,Female,Graduate,Pakistan,Yes,6.4,5,In Relationship,4,8,5.2,NA,NA,NA,NA,NA,NA,NA,NA,NA,NA,NA
127,19,Male,Undergraduate,Sri Lanka,Yes,5.7,6,Single,3,7,NA,NA,5.7,NA,NA,NA,NA,NA,NA,NA,NA,NA
128,20,Female,Undergraduate,Maldives,No,7.6,8,In Relationship,2,5,4.4,NA,NA,NA,NA,NA,NA,NA,NA,NA,NA,NA
129,22,Male,Graduate,Bangladesh,Yes,6.5,5,Single,4,8,NA,NA,NA,NA,5.1,NA,NA,NA,NA,NA,NA,NA
130,21,Female,Graduate,India,Yes,5.6,6,In Relationship,3,7,5.6,NA,NA,NA,NA,NA,NA,NA,NA,NA,NA,NA
131,19,Male,Undergraduate,Nepal,No,7.7,7,Single,2,5,NA,NA,4.3,NA,NA,NA,NA,NA,NA,NA,NA,NA
132,20,Female,Undergraduate,Pakistan,Yes,6.6,5,In Relationship,4,8,5,NA,NA,NA,NA,NA,NA,NA,NA,NA,NA,NA
133,22,Male,Graduate,Sri Lanka,Yes,5.5,6,Single,3,7,NA,NA,NA,NA,5.5,NA,NA,NA,NA,NA,NA,NA
134,21,Female,Graduate,Maldives,No,7.8,8,In Relationship,2,5,4.2,NA,NA,NA,NA,NA,NA,NA,NA,NA,NA,NA
135,19,Male,Undergraduate,Bangladesh,Yes,6.7,5,Single,4,8,NA,NA,4.9,NA,NA,NA,NA,NA,NA,NA,NA,NA
136,20,Female,Undergraduate,India,Yes,5.4,6,In Relationship,3,7,5.4,NA,NA,NA,NA,NA,NA,NA,NA,NA,NA,NA
137,22,Male,Graduate,Nepal,No,7.9,7,Single,2,5,NA,NA,NA,NA,4.1,NA,NA,NA,NA,NA,NA,NA
138,21,Female,Graduate,Pakistan,Yes,6.8,5,In Relationship,4,8,4.8,NA,NA,NA,NA,NA,NA,NA,NA,NA,NA,NA
139,19,Male,Undergraduate,Sri Lanka,Yes,5.3,6,Single,3,7,NA,NA,5.3,NA,NA,NA,NA,NA,NA,NA,NA,NA
140,20,Female,Undergraduate,Maldives,No,8,8,In Relationship,2,5,4,NA,NA,NA,NA,NA,NA,NA,NA,NA,NA,NA
141,22,Male,Graduate,Bangladesh,Yes,6.9,5,Single,4,8,NA,NA,NA,NA,4.7,NA,NA,NA,NA,NA,NA,NA
142,21,Female,Graduate,India,Yes,5.2,6,In Relationship,3,7,5.2,NA,NA,NA,NA,NA,NA,NA,NA,NA,NA,NA
143,19,Male,Undergraduate,Nepal,No,8.1,7,Single,2,5,NA,NA,3.9,NA,NA,NA,NA,NA,NA,NA,NA,NA
144,20,Female,Undergraduate,Pakistan,Yes,7,5,In Relationship,4,8,4.6,NA,NA,NA,NA,NA,NA,NA,NA,NA,NA,NA
145,22,Male,Graduate,Sri Lanka,Yes,5.1,6,Single,3,7,NA,NA,NA,NA,5.1,NA,NA,NA,NA,NA,NA,NA
146,21,Female,Graduate,Maldives,No,8.2,8,In Relationship,2,5,3.8,NA,NA,NA,NA,NA,NA,NA,NA,NA,NA,NA
147,19,Male,Undergraduate,Bangladesh,Yes,7.1,5,Single,4,8,NA,NA,4.5,NA,NA,NA,NA,NA,NA,NA,NA,NA
148,20,Female,Undergraduate,India,Yes,5,6,In Relationship,3,7,5,NA,NA,NA,NA,NA,NA,NA,NA,NA,NA,NA
149,22,Male,Graduate,Nepal,No,8.3,7,Single,2,5,NA,NA,NA,NA,3.7,NA,NA,NA,NA,NA,NA,NA
150,21,Female,Graduate,Pakistan,Yes,7.2,5,In Relationship,4,8,4.4,NA,NA,NA,NA,NA,NA,NA,NA,NA,NA,NA
151,19,Male,Undergraduate,Sri Lanka,Yes,4.9,6,Single,3,7,NA,NA,4.9,NA,NA,NA,NA,NA,NA,NA,NA,NA
152,20,Female,Undergraduate,Maldives,No,8.4,8,In Relationship,2,5,3.6,NA,NA,NA,NA,NA,NA,NA,NA,NA,NA,NA
153,22,Male,Graduate,Bangladesh,Yes,7.3,5,Single,4,8,NA,NA,NA,NA,4.3,NA,NA,NA,NA,NA,NA,NA
154,21,Female,Graduate,India,Yes,4.8,6,In Relationship,3,7,4.8,NA,NA,NA,NA,NA,NA,NA,NA,NA,NA,NA
155,19,Male,Undergraduate,Nepal,No,8.5,7,Single,2,5,NA,NA,3.5,NA,NA,NA,NA,NA,NA,NA,NA,NA
156,20,Female,Undergraduate,Pakistan,Yes,7.4,5,In Relationship,4,8,4.2,NA,NA,NA,NA,NA,NA,NA,NA,NA,NA,NA
157,22,Male,Graduate,Sri Lanka,Yes,4.7,6,Single,3,7,NA,NA,NA,NA,4.7,NA,NA,NA,NA,NA,NA,NA
158,21,Female,Graduate,Maldives,No,8.6,8,In Relationship,2,5,3.4,NA,NA,NA,NA,NA,NA,NA,NA,NA,NA,NA
159,19,Male,Undergraduate,Bangladesh,Yes,7.5,5,Single,4,8,NA,NA,4.1,NA,NA,NA,NA,NA,NA,NA,NA,NA
160,20,Female,Undergraduate,India,Yes,4.6,6,In Relationship,3,7,4.6,NA,NA,NA,NA,NA,NA,NA,NA,NA,NA,NA
161,19,Female,Undergraduate,Bangladesh,Yes,6.1,5,Single,3,7,5.3,NA,NA,NA,NA,NA,NA,NA,NA,NA,NA,NA
162,21,Male,Graduate,India,No,7.2,7,In Relationship,2,6,NA,NA,NA,NA,4.8,NA,NA,NA,NA,NA,NA,NA
163,20,Female,Undergraduate,Nepal,Yes,5.9,6,Single,4,8,NA,NA,5.5,NA,NA,NA,NA,NA,NA,NA,NA,NA
164,22,Male,Graduate,Pakistan,Yes,6.3,5,In Relationship,3,7,4.7,NA,NA,NA,NA,NA,NA,NA,NA,NA,NA,NA
165,19,Female,Undergraduate,Sri Lanka,No,7,7,Single,2,5,NA,NA,NA,NA,5.1,NA,NA,NA,NA,NA,NA,NA
166,21,Male,Graduate,Maldives,Yes,6,6,In Relationship,4,8,NA,NA,5.4,NA,NA,NA,NA,NA,NA,NA,NA,NA
167,20,Female,Undergraduate,Bangladesh,Yes,6.4,5,Single,3,7,4.9,NA,NA,NA,NA,NA,NA,NA,NA,NA,NA,NA
168,22,Male,Graduate,India,No,7.1,7,In Relationship,2,6,NA,NA,NA,NA,5.2,NA,NA,NA,NA,NA,NA,NA
169,19,Female,Undergraduate,Nepal,Yes,5.8,6,Single,4,8,NA,NA,5.6,NA,NA,NA,NA,NA,NA,NA,NA,NA
170,21,Male,Graduate,Pakistan,Yes,6.5,5,In Relationship,3,7,4.6,NA,NA,NA,NA,NA,NA,NA,NA,NA,NA,NA
171,20,Female,Undergraduate,Sri Lanka,No,7.3,7,Single,2,5,NA,NA,NA,NA,5,NA,NA,NA,NA,NA,NA,NA
172,22,Male,Graduate,Maldives,Yes,5.7,6,In Relationship,4,8,NA,NA,5.3,NA,NA,NA,NA,NA,NA,NA,NA,NA
173,19,Female,Undergraduate,Bangladesh,Yes,6.6,5,Single,3,7,4.8,NA,NA,NA,NA,NA,NA,NA,NA,NA,NA,NA
174,21,Male,Graduate,India,No,7.4,7,In Relationship,2,6,NA,NA,NA,NA,5.1,NA,NA,NA,NA,NA,NA,NA
175,20,Female,Undergraduate,Nepal,Yes,5.6,6,Single,4,8,NA,NA,5.7,NA,NA,NA,NA,NA,NA,NA,NA,NA
176,22,Male,Graduate,Pakistan,Yes,6.7,5,In Relationship,3,7,4.5,NA,NA,NA,NA,NA,NA,NA,NA,NA,NA,NA
177,19,Female,Undergraduate,Sri Lanka,No,7.5,7,Single,2,5,NA,NA,NA,NA,4.9,NA,NA,NA,NA,NA,NA,NA
178,21,Male,Graduate,Maldives,Yes,5.5,6,In Relationship,4,8,NA,NA,5.2,NA,NA,NA,NA,NA,NA,NA,NA,NA
179,20,Female,Undergraduate,Bangladesh,Yes,6.8,5,Single,3,7,4.7,NA,NA,NA,NA,NA,NA,NA,NA,NA,NA,NA
180,22,Male,Graduate,India,No,7.6,7,In Relationship,2,6,NA,NA,NA,NA,5,NA,NA,NA,NA,NA,NA,NA
181,19,Female,Undergraduate,Nepal,Yes,5.4,6,Single,4,8,NA,NA,5.8,NA,NA,NA,NA,NA,NA,NA,NA,NA
182,21,Male,Graduate,Pakistan,Yes,6.9,5,In Relationship,3,7,4.4,NA,NA,NA,NA,NA,NA,NA,NA,NA,NA,NA
183,20,Female,Undergraduate,Sri Lanka,No,7.7,7,Single,2,5,NA,NA,NA,NA,4.8,NA,NA,NA,NA,NA,NA,NA
184,22,Male,Graduate,Maldives,Yes,5.3,6,In Relationship,4,8,NA,NA,5.1,NA,NA,NA,NA,NA,NA,NA,NA,NA
185,19,Female,Undergraduate,Bangladesh,Yes,7,5,Single,3,7,4.6,NA,NA,NA,NA,NA,NA,NA,NA,NA,NA,NA
186,21,Male,Graduate,India,No,7.8,7,In Relationship,2,6,NA,NA,NA,NA,4.9,NA,NA,NA,NA,NA,NA,NA
187,20,Female,Undergraduate,Nepal,Yes,5.2,6,Single,4,8,NA,NA,5.9,NA,NA,NA,NA,NA,NA,NA,NA,NA
188,22,Male,Graduate,Pakistan,Yes,7.1,5,In Relationship,3,7,4.3,NA,NA,NA,NA,NA,NA,NA,NA,NA,NA,NA
189,19,Female,Undergraduate,Sri Lanka,No,7.9,7,Single,2,5,NA,NA,NA,NA,4.7,NA,NA,NA,NA,NA,NA,NA
190,21,Male,Graduate,Maldives,Yes,5.1,6,In Relationship,4,8,NA,NA,5,NA,NA,NA,NA,NA,NA,NA,NA,NA
191,20,Female,Undergraduate,Bangladesh,Yes,7.2,5,Single,3,7,4.5,NA,NA,NA,NA,NA,NA,NA,NA,NA,NA,NA
192,22,Male,Graduate,India,No,8,7,In Relationship,2,6,NA,NA,NA,NA,4.8,NA,NA,NA,NA,NA,NA,NA
193,19,Female,Undergraduate,Nepal,Yes,5,6,Single,4,8,NA,NA,6,NA,NA,NA,NA,NA,NA,NA,NA,NA
194,21,Male,Graduate,Pakistan,Yes,7.3,5,In Relationship,3,7,4.2,NA,NA,NA,NA,NA,NA,NA,NA,NA,NA,NA
195,20,Female,Undergraduate,Sri Lanka,No,8.1,7,Single,2,5,NA,NA,NA,NA,4.6,NA,NA,NA,NA,NA,NA,NA
196,22,Male,Graduate,Maldives,Yes,4.9,6,In Relationship,4,8,NA,NA,4.9,NA,NA,NA,NA,NA,NA,NA,NA,NA
197,19,Female,Undergraduate,Bangladesh,Yes,7.4,5,Single,3,7,4.4,NA,NA,NA,NA,NA,NA,NA,NA,NA,NA,NA
198,21,Male,Graduate,India,No,8.2,7,In Relationship,2,6,NA,NA,NA,NA,4.7,NA,NA,NA,NA,NA,NA,NA
199,20,Female,Undergraduate,Nepal,Yes,4.8,6,Single,4,8,NA,NA,6.1,NA,NA,NA,NA,NA,NA,NA,NA,NA
200,22,Male,Graduate,Pakistan,Yes,7.5,5,In Relationship,3,7,4.1,NA,NA,NA,NA,NA,NA,NA,NA,NA,NA,NA
201,19,Female,Undergraduate,Sri Lanka,No,8.3,7,Single,2,5,NA,NA,NA,NA,4.5,NA,NA,NA,NA,NA,NA,NA
202,21,Male,Graduate,Maldives,Yes,4.7,6,In Relationship,4,8,NA,NA,4.8,NA,NA,NA,NA,NA,NA,NA,NA,NA
203,20,Female,Undergraduate,Bangladesh,Yes,7.6,5,Single,3,7,4.3,NA,NA,NA,NA,NA,NA,NA,NA,NA,NA,NA
204,22,Male,Graduate,India,No,8.4,7,In Relationship,2,6,NA,NA,NA,NA,4.6,NA,NA,NA,NA,NA,NA,NA
205,19,Female,Undergraduate,Nepal,Yes,4.6,6,Single,4,8,NA,NA,6.2,NA,NA,NA,NA,NA,NA,NA,NA,NA
206,21,Male,Graduate,Pakistan,Yes,7.7,5,In Relationship,3,7,4,NA,NA,NA,NA,NA,NA,NA,NA,NA,NA,NA
207,20,Female,Undergraduate,Sri Lanka,No,8.5,7,Single,2,5,NA,NA,NA,NA,4.4,NA,NA,NA,NA,NA,NA,NA
208,22,Male,Graduate,Maldives,Yes,4.5,6,In Relationship,4,8,NA,NA,4.7,NA,NA,NA,NA,NA,NA,NA,NA,NA
209,19,Female,Undergraduate,Bangladesh,Yes,7.8,5,Single,3,7,4.2,NA,NA,NA,NA,NA,NA,NA,NA,NA,NA,NA
210,21,Male,Graduate,India,No,8.6,7,In Relationship,2,6,NA,NA,NA,NA,4.5,NA,NA,NA,NA,NA,NA,NA
211,20,Female,Undergraduate,Nepal,Yes,4.4,6,Single,4,8,NA,NA,6.3,NA,NA,NA,NA,NA,NA,NA,NA,NA
212,22,Male,Graduate,Pakistan,Yes,7.9,5,In Relationship,3,7,3.9,NA,NA,NA,NA,NA,NA,NA,NA,NA,NA,NA
213,19,Female,Undergraduate,Sri Lanka,No,8.7,7,Single,2,5,NA,NA,NA,NA,4.3,NA,NA,NA,NA,NA,NA,NA
214,21,Male,Graduate,Maldives,Yes,4.3,6,In Relationship,4,8,NA,NA,4.6,NA,NA,NA,NA,NA,NA,NA,NA,NA
215,20,Female,Undergraduate,Bangladesh,Yes,8,5,Single,3,7,4.1,NA,NA,NA,NA,NA,NA,NA,NA,NA,NA,NA
216,22,Male,Graduate,India,No,8.8,7,In Relationship,2,6,NA,NA,NA,NA,4.4,NA,NA,NA,NA,NA,NA,NA
217,19,Female,Undergraduate,Nepal,Yes,4.2,6,Single,4,8,NA,NA,6.4,NA,NA,NA,NA,NA,NA,NA,NA,NA
218,21,Male,Graduate,Pakistan,Yes,8.1,5,In Relationship,3,7,3.8,NA,NA,NA,NA,NA,NA,NA,NA,NA,NA,NA
219,20,Female,Undergraduate,Sri Lanka,No,8.9,7,Single,2,5,NA,NA,NA,NA,4.2,NA,NA,NA,NA,NA,NA,NA
220,22,Male,Graduate,Maldives,Yes,4.1,6,In Relationship,4,8,NA,NA,4.5,NA,NA,NA,NA,NA,NA,NA,NA,NA
221,19,Female,Undergraduate,USA,Yes,6,5,Single,4,9,6.5,NA,NA,NA,NA,NA,NA,NA,NA,NA,NA,NA
222,21,Male,Graduate,UK,Yes,6.5,6,In Relationship,3,7,NA,NA,5.8,NA,NA,NA,NA,NA,NA,NA,NA,NA
223,20,Female,Undergraduate,Australia,No,7.5,8,Single,2,5,4.5,NA,NA,NA,NA,NA,NA,NA,NA,NA,NA,NA
224,22,Male,Graduate,Germany,No,7.8,7,In Relationship,2,4,NA,NA,NA,NA,4.2,NA,NA,NA,NA,NA,NA,NA
225,19,Female,Undergraduate,Japan,No,7.9,8,Single,1,3,NA,NA,NA,NA,NA,NA,NA,3.8,NA,NA,NA,NA
226,21,Male,Graduate,Italy,Yes,6.8,6,Single,3,7,5.5,NA,NA,NA,NA,NA,NA,NA,NA,NA,NA,NA
227,20,Female,Undergraduate,South Korea,Yes,6.5,6,In Relationship,3,6,NA,NA,NA,NA,NA,NA,NA,NA,5.2,NA,NA,NA
228,22,Male,Graduate,Russia,No,7.2,7,Single,2,5,NA,NA,NA,NA,NA,NA,NA,NA,NA,4.8,NA,NA
229,19,Female,Undergraduate,USA,Yes,5.8,4,In Relationship,4,9,NA,NA,7,NA,NA,NA,NA,NA,NA,NA,NA,NA
230,21,Male,Graduate,UK,Yes,6.7,6,Single,3,7,5.5,NA,NA,NA,NA,NA,NA,NA,NA,NA,NA,NA
231,20,Female,Undergraduate,Australia,No,7.4,7,In Relationship,2,5,NA,NA,NA,NA,4.7,NA,NA,NA,NA,NA,NA,NA
232,22,Male,Graduate,Germany,No,7.9,8,Single,1,4,4,NA,NA,NA,NA,NA,NA,NA,NA,NA,NA,NA
233,19,Female,Undergraduate,Japan,No,8,8,Single,1,3,NA,NA,NA,NA,NA,NA,NA,3.5,NA,NA,NA,NA
234,21,Male,Graduate,Italy,Yes,6.5,5,In Relationship,3,8,NA,NA,5.7,NA,NA,NA,NA,NA,NA,NA,NA,NA
235,20,Female,Undergraduate,South Korea,Yes,6.8,6,Single,3,6,NA,NA,NA,NA,NA,NA,NA,NA,5,NA,NA,NA
236,22,Male,Graduate,Russia,No,7.4,7,In Relationship,2,5,NA,NA,NA,NA,NA,NA,NA,NA,NA,4.5,NA,NA
237,19,Female,Undergraduate,USA,Yes,5.9,4,Single,4,9,6.8,NA,NA,NA,NA,NA,NA,NA,NA,NA,NA,NA
238,21,Male,Graduate,UK,Yes,6.6,6,In Relationship,3,7,NA,NA,NA,NA,5.6,NA,NA,NA,NA,NA,NA,NA
239,20,Female,Undergraduate,Australia,No,7.3,7,Single,2,5,4.6,NA,NA,NA,NA,NA,NA,NA,NA,NA,NA,NA
240,22,Male,Graduate,Germany,No,7.7,8,In Relationship,2,4,NA,NA,NA,NA,4.1,NA,NA,NA,NA,NA,NA,NA
241,19,Female,Undergraduate,Japan,No,7.8,8,Single,1,3,NA,NA,NA,NA,NA,NA,NA,3.7,NA,NA,NA,NA
242,21,Male,Graduate,Italy,Yes,6.7,5,Single,3,7,5.4,NA,NA,NA,NA,NA,NA,NA,NA,NA,NA,NA
243,20,Female,Undergraduate,South Korea,Yes,6.6,6,In Relationship,3,6,NA,NA,NA,NA,NA,NA,NA,NA,5.1,NA,NA,NA
244,22,Male,Graduate,Russia,No,7.3,7,Single,2,5,NA,NA,NA,NA,NA,NA,NA,NA,NA,4.7,NA,NA
245,19,Female,Undergraduate,USA,Yes,5.7,4,In Relationship,4,9,NA,NA,6.9,NA,NA,NA,NA,NA,NA,NA,NA,NA
246,21,Male,Graduate,UK,Yes,6.4,6,Single,3,7,5.7,NA,NA,NA,NA,NA,NA,NA,NA,NA,NA,NA
247,20,Female,Undergraduate,Australia,No,7.2,7,In Relationship,2,5,NA,NA,NA,NA,4.8,NA,NA,NA,NA,NA,NA,NA
248,22,Male,Graduate,Germany,No,7.8,8,Single,1,4,3.9,NA,NA,NA,NA,NA,NA,NA,NA,NA,NA,NA
249,19,Female,Undergraduate,Japan,No,8.1,8,Single,1,3,NA,NA,NA,NA,NA,NA,NA,3.6,NA,NA,NA,NA
250,21,Male,Graduate,Italy,Yes,6.6,5,In Relationship,3,8,NA,NA,5.6,NA,NA,NA,NA,NA,NA,NA,NA,NA
251,20,Female,Undergraduate,South Korea,Yes,6.9,6,Single,3,6,NA,NA,NA,NA,NA,NA,NA,NA,4.9,NA,NA,NA
252,22,Male,Graduate,Russia,No,7.5,7,In Relationship,2,5,NA,NA,NA,NA,NA,NA,NA,NA,NA,4.6,NA,NA
253,19,Female,Undergraduate,USA,Yes,5.8,4,Single,4,9,6.7,NA,NA,NA,NA,NA,NA,NA,NA,NA,NA,NA
254,21,Male,Graduate,UK,Yes,6.5,6,In Relationship,3,7,NA,NA,NA,NA,5.4,NA,NA,NA,NA,NA,NA,NA
255,20,Female,Undergraduate,Australia,No,7.4,7,Single,2,5,4.4,NA,NA,NA,NA,NA,NA,NA,NA,NA,NA,NA
256,22,Male,Graduate,Germany,No,7.6,8,In Relationship,2,4,NA,NA,NA,NA,4,NA,NA,NA,NA,NA,NA,NA
257,19,Female,Undergraduate,Japan,No,8.2,8,Single,1,3,NA,NA,NA,NA,NA,NA,NA,3.4,NA,NA,NA,NA
258,21,Male,Graduate,Italy,Yes,6.8,5,Single,3,7,5.3,NA,NA,NA,NA,NA,NA,NA,NA,NA,NA,NA
259,20,Female,Undergraduate,South Korea,Yes,6.7,6,In Relationship,3,6,NA,NA,NA,NA,NA,NA,NA,NA,5,NA,NA,NA
260,22,Male,Graduate,Russia,No,7.6,7,Single,2,5,NA,NA,NA,NA,NA,NA,NA,NA,NA,4.4,NA,NA
261,19,Female,Undergraduate,USA,Yes,5.6,4,In Relationship,4,9,NA,NA,6.6,NA,NA,NA,NA,NA,NA,NA,NA,NA
262,21,Male,Graduate,UK,Yes,6.3,6,Single,3,7,5.3,NA,NA,NA,NA,NA,NA,NA,NA,NA,NA,NA
263,20,Female,Undergraduate,Australia,No,7.5,7,In Relationship,2,5,NA,NA,NA,NA,4.3,NA,NA,NA,NA,NA,NA,NA
264,22,Male,Graduate,Germany,No,7.7,8,Single,1,4,3.8,NA,NA,NA,NA,NA,NA,NA,NA,NA,NA,NA
265,19,Female,Undergraduate,Japan,No,8.3,8,Single,1,3,NA,NA,NA,NA,NA,NA,NA,3.3,NA,NA,NA,NA
266,21,Male,Graduate,Italy,Yes,6.9,5,In Relationship,3,8,NA,NA,5.2,NA,NA,NA,NA,NA,NA,NA,NA,NA
267,20,Female,Undergraduate,South Korea,Yes,7,6,Single,3,6,NA,NA,NA,NA,NA,NA,NA,NA,4.8,NA,NA,NA
268,22,Male,Graduate,Russia,No,7.7,7,In Relationship,2,5,NA,NA,NA,NA,NA,NA,NA,NA,NA,4.3,NA,NA
269,19,Female,Undergraduate,USA,Yes,5.7,4,Single,4,9,6.4,NA,NA,NA,NA,NA,NA,NA,NA,NA,NA,NA
270,21,Male,Graduate,UK,Yes,6.4,6,In Relationship,3,7,NA,NA,NA,NA,5.2,NA,NA,NA,NA,NA,NA,NA
271,20,Female,Undergraduate,Australia,No,7.3,7,Single,2,5,4.5,NA,NA,NA,NA,NA,NA,NA,NA,NA,NA,NA
272,22,Male,Graduate,Germany,No,7.8,8,In Relationship,1,4,NA,NA,NA,NA,3.7,NA,NA,NA,NA,NA,NA,NA
273,19,Female,Undergraduate,Japan,No,8.4,8,Single,1,3,NA,NA,NA,NA,NA,NA,NA,3.2,NA,NA,NA,NA
274,21,Male,Graduate,Italy,Yes,6.7,5,Single,3,7,5.4,NA,NA,NA,NA,NA,NA,NA,NA,NA,NA,NA
275,20,Female,Undergraduate,South Korea,Yes,7.1,6,In Relationship,3,6,NA,NA,NA,NA,NA,NA,NA,NA,4.7,NA,NA,NA
276,22,Male,Graduate,Russia,No,7.8,7,Single,2,5,NA,NA,NA,NA,NA,NA,NA,NA,NA,4.2,NA,NA
277,19,Female,Undergraduate,USA,Yes,5.5,4,In Relationship,4,9,NA,NA,6.6,NA,NA,NA,NA,NA,NA,NA,NA,NA
278,21,Male,Graduate,UK,Yes,6.5,6,Single,3,7,5.1,NA,NA,NA,NA,NA,NA,NA,NA,NA,NA,NA
279,20,Female,Undergraduate,Australia,No,7.4,7,In Relationship,2,5,NA,NA,NA,NA,4.4,NA,NA,NA,NA,NA,NA,NA
280,22,Male,Graduate,Germany,No,7.9,8,Single,1,4,3.6,NA,NA,NA,NA,NA,NA,NA,NA,NA,NA,NA
281,19,Female,Undergraduate,Japan,No,8.5,8,Single,1,3,NA,NA,NA,NA,NA,NA,NA,3.1,NA,NA,NA,NA
282,21,Male,Graduate,Italy,Yes,6.8,5,In Relationship,3,8,NA,NA,5.3,NA,NA,NA,NA,NA,NA,NA,NA,NA
283,20,Female,Undergraduate,South Korea,Yes,7.2,6,Single,3,6,NA,NA,NA,NA,NA,NA,NA,NA,4.6,NA,NA,NA
284,22,Male,Graduate,Russia,No,7.9,7,In Relationship,2,5,NA,NA,NA,NA,NA,NA,NA,NA,NA,4.1,NA,NA
285,19,Female,Undergraduate,USA,Yes,5.4,4,Single,4,9,6.7,NA,NA,NA,NA,NA,NA,NA,NA,NA,NA,NA
286,21,Male,Graduate,UK,Yes,6.6,6,In Relationship,3,7,NA,NA,NA,NA,5,NA,NA,NA,NA,NA,NA,NA
287,20,Female,Undergraduate,Australia,No,7.5,7,Single,2,5,4.3,NA,NA,NA,NA,NA,NA,NA,NA,NA,NA,NA
288,22,Male,Graduate,Germany,No,8,8,In Relationship,1,4,NA,NA,NA,NA,3.5,NA,NA,NA,NA,NA,NA,NA
289,19,Female,Undergraduate,Japan,No,8.6,8,Single,1,3,NA,NA,NA,NA,NA,NA,NA,3,NA,NA,NA,NA
290,21,Male,Graduate,Italy,Yes,6.9,5,Single,3,7,5.2,NA,NA,NA,NA,NA,NA,NA,NA,NA,NA,NA
291,20,Female,Undergraduate,South Korea,Yes,7.3,6,In Relationship,3,6,NA,NA,NA,NA,NA,NA,NA,NA,4.5,NA,NA,NA
292,22,Male,Graduate,Russia,No,8,7,Single,2,5,NA,NA,NA,NA,NA,NA,NA,NA,NA,4,NA,NA
293,19,Female,Undergraduate,USA,Yes,5.3,4,In Relationship,4,9,NA,NA,6.8,NA,NA,NA,NA,NA,NA,NA,NA,NA
294,21,Male,Graduate,UK,Yes,6.7,6,Single,3,7,4.9,NA,NA,NA,NA,NA,NA,NA,NA,NA,NA,NA
295,20,Female,Undergraduate,Australia,No,7.6,7,In Relationship,2,5,NA,NA,NA,NA,4.2,NA,NA,NA,NA,NA,NA,NA
296,22,Male,Graduate,Germany,No,8.1,8,Single,1,4,3.4,NA,NA,NA,NA,NA,NA,NA,NA,NA,NA,NA
297,19,Female,Undergraduate,Japan,No,8.7,8,Single,1,3,NA,NA,NA,NA,NA,NA,NA,2.9,NA,NA,NA,NA
298,21,Male,Graduate,Italy,Yes,7,5,In Relationship,3,8,NA,NA,5.1,NA,NA,NA,NA,NA,NA,NA,NA,NA
299,20,Female,Undergraduate,South Korea,Yes,7.4,6,Single,3,6,NA,NA,NA,NA,NA,NA,NA,NA,4.4,NA,NA,NA
300,22,Male,Graduate,Russia,No,8.1,7,In Relationship,2,5,NA,NA,NA,NA,NA,NA,NA,NA,NA,3.9,NA,NA
301,19,Female,Undergraduate,USA,Yes,5.2,4,Single,4,9,6.9,NA,NA,NA,NA,NA,NA,NA,NA,NA,NA,NA
302,21,Male,Graduate,UK,Yes,6.8,6,In Relationship,3,7,NA,NA,NA,NA,4.8,NA,NA,NA,NA,NA,NA,NA
303,20,Female,Undergraduate,Australia,No,7.7,7,Single,2,5,4.1,NA,NA,NA,NA,NA,NA,NA,NA,NA,NA,NA
304,22,Male,Graduate,Germany,No,8.2,8,In Relationship,1,4,NA,NA,NA,NA,3.3,NA,NA,NA,NA,NA,NA,NA
305,19,Female,Undergraduate,Japan,No,8.8,8,Single,1,3,NA,NA,NA,NA,NA,NA,NA,2.8,NA,NA,NA,NA
306,21,Male,Graduate,Italy,Yes,7.1,5,Single,3,7,5,NA,NA,NA,NA,NA,NA,NA,NA,NA,NA,NA
307,20,Female,Undergraduate,South Korea,Yes,7.5,6,In Relationship,3,6,NA,NA,NA,NA,NA,NA,NA,NA,4.3,NA,NA,NA
308,22,Male,Graduate,Russia,No,8.2,7,Single,2,5,NA,NA,NA,NA,NA,NA,NA,NA,NA,3.8,NA,NA
309,19,Female,Undergraduate,USA,Yes,5.1,4,In Relationship,4,9,NA,NA,7,NA,NA,NA,NA,NA,NA,NA,NA,NA
310,21,Male,Graduate,UK,Yes,6.9,6,Single,3,7,4.7,NA,NA,NA,NA,NA,NA,NA,NA,NA,NA,NA
311,20,Female,Undergraduate,Australia,No,7.8,7,In Relationship,2,5,NA,NA,NA,NA,4,NA,NA,NA,NA,NA,NA,NA
312,22,Male,Graduate,Germany,No,8.3,8,Single,1,4,3.2,NA,NA,NA,NA,NA,NA,NA,NA,NA,NA,NA
313,19,Female,Undergraduate,Japan,No,8.9,8,Single,1,3,NA,NA,NA,NA,NA,NA,NA,2.7,NA,NA,NA,NA
314,21,Male,Graduate,Italy,Yes,7.2,5,In Relationship,3,8,NA,NA,4.9,NA,NA,NA,NA,NA,NA,NA,NA,NA
315,20,Female,Undergraduate,South Korea,Yes,7.6,6,Single,3,6,NA,NA,NA,NA,NA,NA,NA,NA,4.2,NA,NA,NA
316,22,Male,Graduate,Russia,No,8.3,7,In Relationship,2,5,NA,NA,NA,NA,NA,NA,NA,NA,NA,3.7,NA,NA
317,19,Female,Undergraduate,USA,Yes,5,4,Single,4,9,7.1,NA,NA,NA,NA,NA,NA,NA,NA,NA,NA,NA
318,21,Male,Graduate,UK,Yes,7,6,In Relationship,3,7,NA,NA,NA,NA,4.6,NA,NA,NA,NA,NA,NA,NA
319,20,Female,Undergraduate,Australia,No,7.9,7,Single,2,5,3.9,NA,NA,NA,NA,NA,NA,NA,NA,NA,NA,NA
320,22,Male,Graduate,Germany,No,8.4,8,In Relationship,1,4,NA,NA,NA,NA,3.1,NA,NA,NA,NA,NA,NA,NA
321,19,Female,Undergraduate,Spain,Yes,6.8,6,Single,3,7,5.2,NA,NA,NA,NA,NA,NA,NA,NA,NA,NA,NA
322,21,Male,Graduate,Denmark,No,7.8,8,In Relationship,2,4,NA,NA,NA,NA,4.1,NA,NA,NA,NA,NA,NA,NA
323,20,Female,Undergraduate,Ireland,Yes,7,7,Single,3,6,5,NA,NA,NA,NA,NA,NA,NA,NA,NA,NA,NA
324,22,Male,Graduate,India,Yes,6.5,5,In Relationship,4,8,NA,NA,NA,NA,NA,NA,NA,NA,NA,NA,5.8,NA
325,19,Female,Undergraduate,Switzerland,No,7.9,8,Single,2,4,4,NA,NA,NA,NA,NA,NA,NA,NA,NA,NA,NA
326,21,Male,Graduate,Turkey,Yes,6.7,6,Single,3,7,5.5,NA,NA,NA,NA,NA,NA,NA,NA,NA,NA,NA
327,20,Female,Undergraduate,USA,Yes,5.5,5,In Relationship,4,9,NA,NA,6.8,NA,NA,NA,NA,NA,NA,NA,NA,NA
328,22,Male,Graduate,Mexico,Yes,6.6,6,Single,3,7,NA,NA,NA,NA,NA,NA,NA,NA,NA,NA,5.6,NA
329,19,Female,Undergraduate,France,No,7.5,7,In Relationship,2,5,4.5,NA,NA,NA,NA,NA,NA,NA,NA,NA,NA,NA
330,21,Male,Graduate,Canada,Yes,6.9,6,Single,3,7,5.3,NA,NA,NA,NA,NA,NA,NA,NA,NA,NA,NA
331,20,Female,Undergraduate,Spain,Yes,6.7,6,Single,3,7,NA,NA,5.1,NA,NA,NA,NA,NA,NA,NA,NA,NA
332,22,Male,Graduate,Denmark,No,7.9,8,In Relationship,2,4,NA,NA,NA,NA,3.9,NA,NA,NA,NA,NA,NA,NA
333,19,Female,Undergraduate,Ireland,Yes,7.1,7,Single,3,6,4.8,NA,NA,NA,NA,NA,NA,NA,NA,NA,NA,NA
334,21,Male,Graduate,India,Yes,6.4,5,In Relationship,4,8,NA,NA,NA,NA,NA,NA,NA,NA,NA,NA,5.9,NA
335,20,Female,Undergraduate,Switzerland,No,8,8,Single,2,4,3.8,NA,NA,NA,NA,NA,NA,NA,NA,NA,NA,NA
336,22,Male,Graduate,Turkey,Yes,6.8,6,Single,3,7,NA,NA,5.4,NA,NA,NA,NA,NA,NA,NA,NA,NA
337,19,Female,Undergraduate,USA,Yes,5.4,5,In Relationship,4,9,6.9,NA,NA,NA,NA,NA,NA,NA,NA,NA,NA,NA
338,21,Male,Graduate,Mexico,Yes,6.5,6,Single,3,7,NA,NA,NA,NA,NA,NA,NA,NA,NA,NA,5.7,NA
339,20,Female,Undergraduate,France,No,7.6,7,In Relationship,2,5,4.4,NA,NA,NA,NA,NA,NA,NA,NA,NA,NA,NA
340,22,Male,Graduate,Canada,Yes,7,6,Single,3,7,NA,NA,5.2,NA,NA,NA,NA,NA,NA,NA,NA,NA
341,19,Female,Undergraduate,Spain,Yes,6.9,6,Single,3,7,5,NA,NA,NA,NA,NA,NA,NA,NA,NA,NA,NA
342,21,Male,Graduate,Denmark,No,8,8,In Relationship,2,4,NA,NA,NA,NA,3.8,NA,NA,NA,NA,NA,NA,NA
343,20,Female,Undergraduate,Ireland,Yes,7.2,7,Single,3,6,NA,NA,4.7,NA,NA,NA,NA,NA,NA,NA,NA,NA
344,22,Male,Graduate,India,Yes,6.3,5,In Relationship,4,8,NA,NA,NA,NA,NA,NA,NA,NA,NA,NA,6,NA
345,19,Female,Undergraduate,Switzerland,No,8.1,8,Single,2,4,3.7,NA,NA,NA,NA,NA,NA,NA,NA,NA,NA,NA
346,21,Male,Graduate,Turkey,Yes,6.9,6,Single,3,7,5.3,NA,NA,NA,NA,NA,NA,NA,NA,NA,NA,NA
347,20,Female,Undergraduate,USA,Yes,5.3,5,In Relationship,4,9,NA,NA,7,NA,NA,NA,NA,NA,NA,NA,NA,NA
348,22,Male,Graduate,Mexico,Yes,6.4,6,Single,3,7,NA,NA,NA,NA,NA,NA,NA,NA,NA,NA,5.8,NA
349,19,Female,Undergraduate,France,No,7.7,7,In Relationship,2,5,4.3,NA,NA,NA,NA,NA,NA,NA,NA,NA,NA,NA
350,21,Male,Graduate,Canada,Yes,7.1,6,Single,3,7,5.1,NA,NA,NA,NA,NA,NA,NA,NA,NA,NA,NA
351,20,Female,Undergraduate,Spain,Yes,7,6,Single,3,7,NA,NA,4.9,NA,NA,NA,NA,NA,NA,NA,NA,NA
352,22,Male,Graduate,Denmark,No,8.1,8,In Relationship,2,4,NA,NA,NA,NA,3.7,NA,NA,NA,NA,NA,NA,NA
353,19,Female,Undergraduate,Ireland,Yes,7.3,7,Single,3,6,4.6,NA,NA,NA,NA,NA,NA,NA,NA,NA,NA,NA
354,21,Male,Graduate,India,Yes,6.2,5,In Relationship,4,8,NA,NA,NA,NA,NA,NA,NA,NA,NA,NA,6.1,NA
355,20,Female,Undergraduate,Switzerland,No,8.2,8,Single,2,4,3.6,NA,NA,NA,NA,NA,NA,NA,NA,NA,NA,NA
356,22,Male,Graduate,Turkey,Yes,7,6,Single,3,7,NA,NA,5.2,NA,NA,NA,NA,NA,NA,NA,NA,NA
357,19,Female,Undergraduate,USA,Yes,5.2,5,In Relationship,4,9,7.1,NA,NA,NA,NA,NA,NA,NA,NA,NA,NA,NA
358,21,Male,Graduate,Mexico,Yes,6.3,6,Single,3,7,NA,NA,NA,NA,NA,NA,NA,NA,NA,NA,5.9,NA
359,20,Female,Undergraduate,France,No,7.8,7,In Relationship,2,5,4.2,NA,NA,NA,NA,NA,NA,NA,NA,NA,NA,NA
360,22,Male,Graduate,Canada,Yes,7.2,6,Single,3,7,NA,NA,5,NA,NA,NA,NA,NA,NA,NA,NA,NA
361,19,Female,Undergraduate,Spain,Yes,7.1,6,Single,3,7,4.8,NA,NA,NA,NA,NA,NA,NA,NA,NA,NA,NA
362,21,Male,Graduate,Denmark,No,8.2,8,In Relationship,2,4,NA,NA,NA,NA,3.6,NA,NA,NA,NA,NA,NA,NA
363,20,Female,Undergraduate,Ireland,Yes,7.4,7,Single,3,6,NA,NA,4.5,NA,NA,NA,NA,NA,NA,NA,NA,NA
364,22,Male,Graduate,India,Yes,6.1,5,In Relationship,4,8,NA,NA,NA,NA,NA,NA,NA,NA,NA,NA,6.2,NA
365,19,Female,Undergraduate,Switzerland,No,8.3,8,Single,2,4,3.5,NA,NA,NA,NA,NA,NA,NA,NA,NA,NA,NA
366,21,Male,Graduate,Turkey,Yes,7.1,6,Single,3,7,5.1,NA,NA,NA,NA,NA,NA,NA,NA,NA,NA,NA
367,20,Female,Undergraduate,USA,Yes,5.1,5,In Relationship,4,9,NA,NA,7.2,NA,NA,NA,NA,NA,NA,NA,NA,NA
368,22,Male,Graduate,Mexico,Yes,6.2,6,Single,3,7,NA,NA,NA,NA,NA,NA,NA,NA,NA,NA,6,NA
369,19,Female,Undergraduate,France,No,7.9,7,In Relationship,2,5,4.1,NA,NA,NA,NA,NA,NA,NA,NA,NA,NA,NA
370,21,Male,Graduate,Canada,Yes,7.3,6,Single,3,7,4.9,NA,NA,NA,NA,NA,NA,NA,NA,NA,NA,NA
371,20,Female,Undergraduate,Spain,Yes,7.2,6,Single,3,7,NA,NA,4.7,NA,NA,NA,NA,NA,NA,NA,NA,NA
372,22,Male,Graduate,Denmark,No,8.3,8,In Relationship,2,4,NA,NA,NA,NA,3.5,NA,NA,NA,NA,NA,NA,NA
373,19,Female,Undergraduate,Ireland,Yes,7.5,7,Single,3,6,4.4,NA,NA,NA,NA,NA,NA,NA,NA,NA,NA,NA
374,21,Male,Graduate,India,Yes,6,5,In Relationship,4,8,NA,NA,NA,NA,NA,NA,NA,NA,NA,NA,6.3,NA
375,20,Female,Undergraduate,Switzerland,No,8.4,8,Single,2,4,3.4,NA,NA,NA,NA,NA,NA,NA,NA,NA,NA,NA
376,22,Male,Graduate,Turkey,Yes,7.2,6,Single,3,7,NA,NA,5,NA,NA,NA,NA,NA,NA,NA,NA,NA
377,19,Female,Undergraduate,USA,Yes,5,5,In Relationship,4,9,7.3,NA,NA,NA,NA,NA,NA,NA,NA,NA,NA,NA
378,21,Male,Graduate,Mexico,Yes,6.1,6,Single,3,7,NA,NA,NA,NA,NA,NA,NA,NA,NA,NA,6.1,NA
379,20,Female,Undergraduate,France,No,8,7,In Relationship,2,5,4,NA,NA,NA,NA,NA,NA,NA,NA,NA,NA,NA
380,22,Male,Graduate,Canada,Yes,7.4,6,Single,3,7,NA,NA,4.8,NA,NA,NA,NA,NA,NA,NA,NA,NA
381,19,Female,Undergraduate,Spain,Yes,7.3,6,Single,3,7,4.6,NA,NA,NA,NA,NA,NA,NA,NA,NA,NA,NA
382,21,Male,Graduate,Denmark,No,8.4,8,In Relationship,2,4,NA,NA,NA,NA,3.4,NA,NA,NA,NA,NA,NA,NA
383,20,Female,Undergraduate,Ireland,Yes,7.6,7,Single,3,6,NA,NA,4.3,NA,NA,NA,NA,NA,NA,NA,NA,NA
384,22,Male,Graduate,India,Yes,5.9,5,In Relationship,4,8,NA,NA,NA,NA,NA,NA,NA,NA,NA,NA,6.4,NA
385,19,Female,Undergraduate,Switzerland,No,8.5,8,Single,2,4,3.3,NA,NA,NA,NA,NA,NA,NA,NA,NA,NA,NA
386,21,Male,Graduate,Turkey,Yes,7.3,6,Single,3,7,4.9,NA,NA,NA,NA,NA,NA,NA,NA,NA,NA,NA
387,20,Female,Undergraduate,USA,Yes,4.9,5,In Relationship,4,9,NA,NA,7.4,NA,NA,NA,NA,NA,NA,NA,NA,NA
388,22,Male,Graduate,Mexico,Yes,6,6,Single,3,7,NA,NA,NA,NA,NA,NA,NA,NA,NA,NA,6.2,NA
389,19,Female,Undergraduate,France,No,8.1,7,In Relationship,2,5,3.9,NA,NA,NA,NA,NA,NA,NA,NA,NA,NA,NA
390,21,Male,Graduate,Canada,Yes,7.5,6,Single,3,7,4.7,NA,NA,NA,NA,NA,NA,NA,NA,NA,NA,NA
391,20,Female,Undergraduate,Spain,Yes,7.4,6,Single,3,7,NA,NA,4.5,NA,NA,NA,NA,NA,NA,NA,NA,NA
392,22,Male,Graduate,Denmark,No,8.5,8,In Relationship,2,4,NA,NA,NA,NA,3.3,NA,NA,NA,NA,NA,NA,NA
393,19,Female,Undergraduate,Ireland,Yes,7.7,7,Single,3,6,4.2,NA,NA,NA,NA,NA,NA,NA,NA,NA,NA,NA
394,21,Male,Graduate,India,Yes,5.8,5,In Relationship,4,8,NA,NA,NA,NA,NA,NA,NA,NA,NA,NA,6.5,NA
395,20,Female,Undergraduate,Switzerland,No,8.6,8,Single,2,4,3.2,NA,NA,NA,NA,NA,NA,NA,NA,NA,NA,NA
396,22,Male,Graduate,Turkey,Yes,7.4,6,Single,3,7,NA,NA,4.8,NA,NA,NA,NA,NA,NA,NA,NA,NA
397,19,Female,Undergraduate,USA,Yes,4.8,5,In Relationship,4,9,7.5,NA,NA,NA,NA,NA,NA,NA,NA,NA,NA,NA
398,21,Male,Graduate,Mexico,Yes,5.9,6,Single,3,7,NA,NA,NA,NA,NA,NA,NA,NA,NA,NA,6.3,NA
399,20,Female,Undergraduate,France,No,8.2,7,In Relationship,2,5,3.8,NA,NA,NA,NA,NA,NA,NA,NA,NA,NA,NA
400,22,Male,Graduate,Canada,Yes,7.6,6,Single,3,7,NA,NA,4.6,NA,NA,NA,NA,NA,NA,NA,NA,NA
401,19,Female,Undergraduate,Spain,Yes,7.5,6,Single,3,7,4.4,NA,NA,NA,NA,NA,NA,NA,NA,NA,NA,NA
402,21,Male,Graduate,Denmark,No,8.6,8,In Relationship,2,4,NA,NA,NA,NA,3.2,NA,NA,NA,NA,NA,NA,NA
403,20,Female,Undergraduate,Ireland,Yes,7.8,7,Single,3,6,NA,NA,4.1,NA,NA,NA,NA,NA,NA,NA,NA,NA
404,22,Male,Graduate,India,Yes,5.7,5,In Relationship,4,8,NA,NA,NA,NA,NA,NA,NA,NA,NA,NA,6.6,NA
405,19,Female,Undergraduate,Switzerland,No,8.7,8,Single,2,4,3.1,NA,NA,NA,NA,NA,NA,NA,NA,NA,NA,NA
406,21,Male,Graduate,Turkey,Yes,7.5,6,Single,3,7,4.7,NA,NA,NA,NA,NA,NA,NA,NA,NA,NA,NA
407,20,Female,Undergraduate,USA,Yes,4.7,5,In Relationship,4,9,NA,NA,7.6,NA,NA,NA,NA,NA,NA,NA,NA,NA
408,22,Male,Graduate,Mexico,Yes,5.8,6,Single,3,7,NA,NA,NA,NA,NA,NA,NA,NA,NA,NA,6.4,NA
409,19,Female,Undergraduate,France,No,8.3,7,In Relationship,2,5,3.7,NA,NA,NA,NA,NA,NA,NA,NA,NA,NA,NA
410,21,Male,Graduate,Canada,Yes,7.7,6,Single,3,7,4.5,NA,NA,NA,NA,NA,NA,NA,NA,NA,NA,NA
411,20,Female,Undergraduate,Spain,Yes,7.6,6,Single,3,7,NA,NA,4.3,NA,NA,NA,NA,NA,NA,NA,NA,NA
412,22,Male,Graduate,Denmark,No,8.7,8,In Relationship,2,4,NA,NA,NA,NA,3.1,NA,NA,NA,NA,NA,NA,NA
413,19,Female,Undergraduate,Ireland,Yes,7.9,7,Single,3,6,4,NA,NA,NA,NA,NA,NA,NA,NA,NA,NA,NA
414,21,Male,Graduate,India,Yes,5.6,5,In Relationship,4,8,NA,NA,NA,NA,NA,NA,NA,NA,NA,NA,6.7,NA
415,20,Female,Undergraduate,Switzerland,No,8.8,8,Single,2,4,3,NA,NA,NA,NA,NA,NA,NA,NA,NA,NA,NA
416,22,Male,Graduate,Turkey,Yes,7.6,6,Single,3,7,NA,NA,4.6,NA,NA,NA,NA,NA,NA,NA,NA,NA
417,19,Female,Undergraduate,USA,Yes,4.6,5,In Relationship,4,9,7.7,NA,NA,NA,NA,NA,NA,NA,NA,NA,NA,NA
418,21,Male,Graduate,Mexico,Yes,5.7,6,Single,3,7,NA,NA,NA,NA,NA,NA,NA,NA,NA,NA,6.5,NA
419,20,Female,Undergraduate,France,No,8.4,7,In Relationship,2,5,3.6,NA,NA,NA,NA,NA,NA,NA,NA,NA,NA,NA
420,22,Male,Graduate,Canada,Yes,7.8,6,Single,3,7,NA,NA,4.4,NA,NA,NA,NA,NA,NA,NA,NA,NA
421,19,Female,Undergraduate,Spain,Yes,7.7,6,Single,3,7,4.2,NA,NA,NA,NA,NA,NA,NA,NA,NA,NA,NA
422,21,Male,Graduate,Denmark,No,8.8,8,In Relationship,2,4,NA,NA,NA,NA,3,NA,NA,NA,NA,NA,NA,NA
423,20,Female,Undergraduate,Ireland,Yes,8,7,Single,3,6,NA,NA,3.9,NA,NA,NA,NA,NA,NA,NA,NA,NA
424,22,Male,Graduate,India,Yes,5.5,5,In Relationship,4,8,NA,NA,NA,NA,NA,NA,NA,NA,NA,NA,6.8,NA
425,19,Female,Undergraduate,Switzerland,No,8.9,8,Single,2,4,2.9,NA,NA,NA,NA,NA,NA,NA,NA,NA,NA,NA
426,21,Male,Graduate,Turkey,Yes,7.7,6,Single,3,7,4.5,NA,NA,NA,NA,NA,NA,NA,NA,NA,NA,NA
427,20,Female,Undergraduate,USA,Yes,4.5,5,In Relationship,4,9,NA,NA,7.8,NA,NA,NA,NA,NA,NA,NA,NA,NA
428,22,Male,Graduate,Mexico,Yes,5.6,6,Single,3,7,NA,NA,NA,NA,NA,NA,NA,NA,NA,NA,6.6,NA
429,19,Female,Undergraduate,France,No,8.5,7,In Relationship,2,5,3.5,NA,NA,NA,NA,NA,NA,NA,NA,NA,NA,NA
430,21,Male,Graduate,Canada,Yes,7.9,6,Single,3,7,4.3,NA,NA,NA,NA,NA,NA,NA,NA,NA,NA,NA
431,20,Female,Undergraduate,Spain,Yes,7.8,6,Single,3,7,NA,NA,4.1,NA,NA,NA,NA,NA,NA,NA,NA,NA
432,22,Male,Graduate,Denmark,No,8.9,8,In Relationship,2,4,NA,NA,NA,NA,2.9,NA,NA,NA,NA,NA,NA,NA
433,19,Female,Undergraduate,Ireland,Yes,8.1,7,Single,3,6,3.8,NA,NA,NA,NA,NA,NA,NA,NA,NA,NA,NA
434,21,Male,Graduate,India,Yes,5.4,5,In Relationship,4,8,NA,NA,NA,NA,NA,NA,NA,NA,NA,NA,6.9,NA
435,20,Female,Undergraduate,Switzerland,No,9,8,Single,2,4,2.8,NA,NA,NA,NA,NA,NA,NA,NA,NA,NA,NA
436,22,Male,Graduate,Turkey,Yes,7.8,6,Single,3,7,NA,NA,4.4,NA,NA,NA,NA,NA,NA,NA,NA,NA
437,19,Female,Undergraduate,USA,Yes,4.4,5,In Relationship,4,9,7.9,NA,NA,NA,NA,NA,NA,NA,NA,NA,NA,NA
438,21,Male,Graduate,Mexico,Yes,5.5,6,Single,3,7,NA,NA,NA,NA,NA,NA,NA,NA,NA,NA,6.7,NA
439,20,Female,Undergraduate,France,No,8.6,7,In Relationship,2,5,3.4,NA,NA,NA,NA,NA,NA,NA,NA,NA,NA,NA
440,22,Male,Graduate,Canada,Yes,8,6,Single,3,7,NA,NA,4.2,NA,NA,NA,NA,NA,NA,NA,NA,NA
441,19,Female,Undergraduate,Spain,Yes,7.9,6,Single,3,7,4,NA,NA,NA,NA,NA,NA,NA,NA,NA,NA,NA
442,21,Male,Graduate,Denmark,No,9,8,In Relationship,2,4,NA,NA,NA,NA,2.8,NA,NA,NA,NA,NA,NA,NA
443,20,Female,Undergraduate,Ireland,Yes,8.2,7,Single,3,6,NA,NA,3.7,NA,NA,NA,NA,NA,NA,NA,NA,NA
444,22,Male,Graduate,India,Yes,5.3,5,In Relationship,4,8,NA,NA,NA,NA,NA,NA,NA,NA,NA,NA,7,NA
445,19,Female,Undergraduate,Switzerland,No,9.1,8,Single,2,4,2.7,NA,NA,NA,NA,NA,NA,NA,NA,NA,NA,NA
446,21,Male,Graduate,Turkey,Yes,7.9,6,Single,3,7,4.3,NA,NA,NA,NA,NA,NA,NA,NA,NA,NA,NA
447,20,Female,Undergraduate,USA,Yes,4.3,5,In Relationship,4,9,NA,NA,8,NA,NA,NA,NA,NA,NA,NA,NA,NA
448,22,Male,Graduate,Mexico,Yes,5.4,6,Single,3,7,NA,NA,NA,NA,NA,NA,NA,NA,NA,NA,6.8,NA
449,19,Female,Undergraduate,France,No,8.7,7,In Relationship,2,5,3.3,NA,NA,NA,NA,NA,NA,NA,NA,NA,NA,NA
450,21,Male,Graduate,Canada,Yes,8.1,6,Single,3,7,4.1,NA,NA,NA,NA,NA,NA,NA,NA,NA,NA,NA
451,20,Female,Undergraduate,Spain,Yes,8,6,Single,3,7,NA,NA,3.9,NA,NA,NA,NA,NA,NA,NA,NA,NA
452,22,Male,Graduate,Denmark,No,9.1,8,In Relationship,2,4,NA,NA,NA,NA,2.7,NA,NA,NA,NA,NA,NA,NA
453,19,Female,Undergraduate,Ireland,Yes,8.3,7,Single,3,6,3.6,NA,NA,NA,NA,NA,NA,NA,NA,NA,NA,NA
454,21,Male,Graduate,India,Yes,5.2,5,In Relationship,4,8,NA,NA,NA,NA,NA,NA,NA,NA,NA,NA,7.1,NA
455,20,Female,Undergraduate,Switzerland,No,9.2,8,Single,2,4,2.6,NA,NA,NA,NA,NA,NA,NA,NA,NA,NA,NA
456,22,Male,Graduate,Turkey,Yes,8,6,Single,3,7,NA,NA,4.2,NA,NA,NA,NA,NA,NA,NA,NA,NA
457,19,Female,Undergraduate,USA,Yes,4.2,5,In Relationship,4,9,8.1,NA,NA,NA,NA,NA,NA,NA,NA,NA,NA,NA
458,21,Male,Graduate,Mexico,Yes,5.3,6,Single,3,7,NA,NA,NA,NA,NA,NA,NA,NA,NA,NA,6.9,NA
459,20,Female,Undergraduate,France,No,8.8,7,In Relationship,2,5,3.2,NA,NA,NA,NA,NA,NA,NA,NA,NA,NA,NA
460,22,Male,Graduate,Canada,Yes,8.2,6,Single,3,7,NA,NA,4,NA,NA,NA,NA,NA,NA,NA,NA,NA
461,19,Female,Undergraduate,Spain,Yes,8.1,6,Single,3,7,3.8,NA,NA,NA,NA,NA,NA,NA,NA,NA,NA,NA
462,21,Male,Graduate,Denmark,No,9.2,8,In Relationship,2,4,NA,NA,NA,NA,2.6,NA,NA,NA,NA,NA,NA,NA
463,20,Female,Undergraduate,Ireland,Yes,8.4,7,Single,3,6,NA,NA,3.5,NA,NA,NA,NA,NA,NA,NA,NA,NA
464,22,Male,Graduate,India,Yes,5.1,5,In Relationship,4,8,NA,NA,NA,NA,NA,NA,NA,NA,NA,NA,7.2,NA
465,19,Female,Undergraduate,Switzerland,No,9.3,8,Single,2,4,2.5,NA,NA,NA,NA,NA,NA,NA,NA,NA,NA,NA
466,21,Male,Graduate,Turkey,Yes,8.1,6,Single,3,7,4.1,NA,NA,NA,NA,NA,NA,NA,NA,NA,NA,NA
467,20,Female,Undergraduate,USA,Yes,4.1,5,In Relationship,4,9,NA,NA,8.2,NA,NA,NA,NA,NA,NA,NA,NA,NA
468,22,Male,Graduate,Mexico,Yes,5.2,6,Single,3,7,NA,NA,NA,NA,NA,NA,NA,NA,NA,NA,7,NA
469,19,Female,Undergraduate,France,No,8.9,7,In Relationship,2,5,3.1,NA,NA,NA,NA,NA,NA,NA,NA,NA,NA,NA
470,21,Male,Graduate,Canada,Yes,8.3,6,Single,3,7,3.9,NA,NA,NA,NA,NA,NA,NA,NA,NA,NA,NA
471,20,Female,Undergraduate,Spain,Yes,8.2,6,Single,3,7,NA,NA,3.7,NA,NA,NA,NA,NA,NA,NA,NA,NA
472,22,Male,Graduate,Denmark,No,9.3,8,In Relationship,2,4,NA,NA,NA,NA,2.5,NA,NA,NA,NA,NA,NA,NA
473,19,Female,Undergraduate,Ireland,Yes,8.5,7,Single,3,6,3.4,NA,NA,NA,NA,NA,NA,NA,NA,NA,NA,NA
474,21,Male,Graduate,India,Yes,5,5,In Relationship,4,8,NA,NA,NA,NA,NA,NA,NA,NA,NA,NA,7.3,NA
475,20,Female,Undergraduate,Switzerland,No,9.4,8,Single,2,4,2.4,NA,NA,NA,NA,NA,NA,NA,NA,NA,NA,NA
476,22,Male,Graduate,Turkey,Yes,8.2,6,Single,3,7,NA,NA,4,NA,NA,NA,NA,NA,NA,NA,NA,NA
477,19,Female,Undergraduate,USA,Yes,4,5,In Relationship,4,9,8.3,NA,NA,NA,NA,NA,NA,NA,NA,NA,NA,NA
478,21,Male,Graduate,Mexico,Yes,5.1,6,Single,3,7,NA,NA,NA,NA,NA,NA,NA,NA,NA,NA,7.1,NA
479,20,Female,Undergraduate,France,No,9,7,In Relationship,2,5,3,NA,NA,NA,NA,NA,NA,NA,NA,NA,NA,NA
480,22,Male,Graduate,Canada,Yes,8.4,6,Single,3,7,NA,NA,3.8,NA,NA,NA,NA,NA,NA,NA,NA,NA
481,19,Female,Undergraduate,Spain,Yes,8.3,6,Single,3,7,3.6,NA,NA,NA,NA,NA,NA,NA,NA,NA,NA,NA
482,21,Male,Graduate,Denmark,No,9.4,8,In Relationship,2,4,NA,NA,NA,NA,2.4,NA,NA,NA,NA,NA,NA,NA
483,20,Female,Undergraduate,Ireland,Yes,8.6,7,Single,3,6,NA,NA,3.3,NA,NA,NA,NA,NA,NA,NA,NA,NA
484,22,Male,Graduate,India,Yes,4.9,5,In Relationship,4,8,NA,NA,NA,NA,NA,NA,NA,NA,NA,NA,7.4,NA
485,19,Female,Undergraduate,Switzerland,No,9.5,8,Single,2,4,2.3,NA,NA,NA,NA,NA,NA,NA,NA,NA,NA,NA
486,21,Male,Graduate,Turkey,Yes,8.3,6,Single,3,7,3.9,NA,NA,NA,NA,NA,NA,NA,NA,NA,NA,NA
487,20,Female,Undergraduate,USA,Yes,3.9,5,In Relationship,4,9,NA,NA,8.4,NA,NA,NA,NA,NA,NA,NA,NA,NA
488,22,Male,Graduate,Mexico,Yes,5,6,Single,3,7,NA,NA,NA,NA,NA,NA,NA,NA,NA,NA,7.2,NA
489,19,Female,Undergraduate,France,No,9.1,7,In Relationship,2,5,2.9,NA,NA,NA,NA,NA,NA,NA,NA,NA,NA,NA
490,21,Male,Graduate,Canada,Yes,8.5,6,Single,3,7,3.7,NA,NA,NA,NA,NA,NA,NA,NA,NA,NA,NA
491,20,Female,Undergraduate,Spain,Yes,8.4,6,Single,3,7,NA,NA,3.5,NA,NA,NA,NA,NA,NA,NA,NA,NA
492,22,Male,Graduate,Denmark,No,9.5,8,In Relationship,2,4,NA,NA,NA,NA,2.3,NA,NA,NA,NA,NA,NA,NA
493,19,Female,Undergraduate,Ireland,Yes,8.7,7,Single,3,6,3.2,NA,NA,NA,NA,NA,NA,NA,NA,NA,NA,NA
494,21,Male,Graduate,India,Yes,4.8,5,In Relationship,4,8,NA,NA,NA,NA,NA,NA,NA,NA,NA,NA,7.5,NA
495,20,Female,Undergraduate,Switzerland,No,9.6,8,Single,2,4,2.2,NA,NA,NA,NA,NA,NA,NA,NA,NA,NA,NA
496,22,Male,Graduate,Turkey,Yes,8.4,6,Single,3,7,NA,NA,3.8,NA,NA,NA,NA,NA,NA,NA,NA,NA
497,19,Female,Undergraduate,USA,Yes,3.8,5,In Relationship,4,9,8.5,NA,NA,NA,NA,NA,NA,NA,NA,NA,NA,NA
498,21,Male,Graduate,Mexico,Yes,4.9,6,Single,3,7,NA,NA,NA,NA,NA,NA,NA,NA,NA,NA,7.3,NA
499,20,Female,Undergraduate,France,No,9.2,7,In Relationship,2,5,2.8,NA,NA,NA,NA,NA,NA,NA,NA,NA,NA,NA
500,22,Male,Graduate,Canada,Yes,8.6,6,Single,3,7,NA,NA,3.6,NA,NA,NA,NA,NA,NA,NA,NA,NA
501,19,Female,Undergraduate,Brazil,Yes,6.3,6,Single,3,7,NA,NA,NA,NA,NA,NA,NA,NA,NA,NA,6.2,NA
502,21,Male,Graduate,China,No,7.8,7,In Relationship,2,5,NA,NA,NA,NA,NA,NA,NA,NA,NA,NA,NA,4.5
503,20,Female,Undergraduate,Netherlands,No,8.2,8,Single,2,4,3.8,NA,NA,NA,NA,NA,NA,NA,NA,NA,NA,NA
504,22,Male,Graduate,New Zealand,Yes,7.5,7,In Relationship,3,6,4.7,NA,NA,NA,NA,NA,NA,NA,NA,NA,NA,NA
505,19,Female,Undergraduate,Singapore,Yes,7,6,Single,3,7,NA,NA,5.1,NA,NA,NA,NA,NA,NA,NA,NA,NA
506,21,Male,Graduate,Malaysia,Yes,6.8,6,Single,3,7,NA,NA,NA,NA,NA,NA,NA,NA,NA,NA,5.5,NA
507,20,Female,Undergraduate,UAE,Yes,6.5,5,In Relationship,4,8,6.5,NA,NA,NA,NA,NA,NA,NA,NA,NA,NA,NA
508,22,Male,Graduate,Poland,No,7.9,7,Single,2,5,NA,NA,NA,NA,4.2,NA,NA,NA,NA,NA,NA,NA
509,19,Female,Undergraduate,India,Yes,6,5,In Relationship,4,8,NA,NA,NA,NA,NA,NA,NA,NA,NA,NA,6.8,NA
510,21,Male,Graduate,Canada,Yes,7.4,7,Single,3,6,4.8,NA,NA,NA,NA,NA,NA,NA,NA,NA,NA,NA
511,20,Female,Undergraduate,Brazil,Yes,6.4,6,Single,3,7,6.1,NA,NA,NA,NA,NA,NA,NA,NA,NA,NA,NA
512,22,Male,Graduate,China,No,7.9,7,In Relationship,2,5,NA,NA,NA,NA,NA,NA,NA,NA,NA,NA,NA,4.4
513,19,Female,Undergraduate,Netherlands,No,8.3,8,Single,2,4,NA,NA,3.7,NA,NA,NA,NA,NA,NA,NA,NA,NA
514,21,Male,Graduate,New Zealand,Yes,7.6,7,In Relationship,3,6,4.6,NA,NA,NA,NA,NA,NA,NA,NA,NA,NA,NA
515,20,Female,Undergraduate,Singapore,Yes,6.9,6,Single,3,7,NA,NA,5.2,NA,NA,NA,NA,NA,NA,NA,NA,NA
516,22,Male,Graduate,Malaysia,Yes,6.7,6,Single,3,7,NA,NA,NA,NA,NA,NA,NA,NA,NA,NA,5.6,NA
517,19,Female,Undergraduate,UAE,Yes,6.4,5,In Relationship,4,8,6.6,NA,NA,NA,NA,NA,NA,NA,NA,NA,NA,NA
518,21,Male,Graduate,Poland,No,8,7,Single,2,5,NA,NA,NA,NA,4.1,NA,NA,NA,NA,NA,NA,NA
519,20,Female,Undergraduate,India,Yes,5.9,5,In Relationship,4,8,NA,NA,NA,NA,NA,NA,NA,NA,NA,NA,6.9,NA
520,22,Male,Graduate,Canada,Yes,7.5,7,Single,3,6,NA,NA,4.7,NA,NA,NA,NA,NA,NA,NA,NA,NA
521,19,Female,Undergraduate,Brazil,Yes,6.5,6,Single,3,7,NA,NA,NA,NA,NA,NA,NA,NA,NA,NA,6,NA
522,21,Male,Graduate,China,No,8,7,In Relationship,2,5,NA,NA,NA,NA,NA,NA,NA,NA,NA,NA,NA,4.3
523,20,Female,Undergraduate,Netherlands,No,8.4,8,Single,2,4,3.6,NA,NA,NA,NA,NA,NA,NA,NA,NA,NA,NA
524,22,Male,Graduate,New Zealand,Yes,7.7,7,In Relationship,3,6,NA,NA,NA,NA,4.5,NA,NA,NA,NA,NA,NA,NA
525,19,Female,Undergraduate,Singapore,Yes,6.8,6,Single,3,7,NA,NA,5.3,NA,NA,NA,NA,NA,NA,NA,NA,NA
526,21,Male,Graduate,Malaysia,Yes,6.6,6,Single,3,7,NA,NA,NA,NA,NA,NA,NA,NA,NA,NA,5.7,NA
527,20,Female,Undergraduate,UAE,Yes,6.3,5,In Relationship,4,8,6.7,NA,NA,NA,NA,NA,NA,NA,NA,NA,NA,NA
528,22,Male,Graduate,Poland,No,8.1,7,Single,2,5,NA,NA,NA,NA,4,NA,NA,NA,NA,NA,NA,NA
529,19,Female,Undergraduate,India,Yes,5.8,5,In Relationship,4,8,NA,NA,NA,NA,NA,NA,NA,NA,NA,NA,7,NA
530,21,Male,Graduate,Canada,Yes,7.6,7,Single,3,6,4.6,NA,NA,NA,NA,NA,NA,NA,NA,NA,NA,NA
531,20,Female,Undergraduate,Brazil,Yes,6.6,6,Single,3,7,NA,NA,5.9,NA,NA,NA,NA,NA,NA,NA,NA,NA
532,22,Male,Graduate,China,No,8.1,7,In Relationship,2,5,NA,NA,NA,NA,NA,NA,NA,NA,NA,NA,NA,4.2
533,19,Female,Undergraduate,Netherlands,No,8.5,8,Single,2,4,3.5,NA,NA,NA,NA,NA,NA,NA,NA,NA,NA,NA
534,21,Male,Graduate,New Zealand,Yes,7.8,7,In Relationship,3,6,NA,NA,NA,NA,4.4,NA,NA,NA,NA,NA,NA,NA
535,20,Female,Undergraduate,Singapore,Yes,6.7,6,Single,3,7,NA,NA,5.4,NA,NA,NA,NA,NA,NA,NA,NA,NA
536,22,Male,Graduate,Malaysia,Yes,6.5,6,Single,3,7,NA,NA,NA,NA,NA,NA,NA,NA,NA,NA,5.8,NA
537,19,Female,Undergraduate,UAE,Yes,6.2,5,In Relationship,4,8,6.8,NA,NA,NA,NA,NA,NA,NA,NA,NA,NA,NA
538,21,Male,Graduate,Poland,No,8.2,7,Single,2,5,NA,NA,NA,NA,3.9,NA,NA,NA,NA,NA,NA,NA
539,20,Female,Undergraduate,India,Yes,5.7,5,In Relationship,4,8,NA,NA,NA,NA,NA,NA,NA,NA,NA,NA,7.1,NA
540,22,Male,Graduate,Canada,Yes,7.7,7,Single,3,6,NA,NA,4.5,NA,NA,NA,NA,NA,NA,NA,NA,NA
541,19,Female,Undergraduate,Brazil,Yes,6.7,6,Single,3,7,NA,NA,NA,NA,NA,NA,NA,NA,NA,NA,5.8,NA
542,21,Male,Graduate,China,No,8.2,7,In Relationship,2,5,NA,NA,NA,NA,NA,NA,NA,NA,NA,NA,NA,4.1
543,20,Female,Undergraduate,Netherlands,No,8.6,8,Single,2,4,3.4,NA,NA,NA,NA,NA,NA,NA,NA,NA,NA,NA
544,22,Male,Graduate,New Zealand,Yes,7.9,7,In Relationship,3,6,4.3,NA,NA,NA,NA,NA,NA,NA,NA,NA,NA,NA
545,19,Female,Undergraduate,Singapore,Yes,6.6,6,Single,3,7,NA,NA,5.5,NA,NA,NA,NA,NA,NA,NA,NA,NA
546,21,Male,Graduate,Malaysia,Yes,6.4,6,Single,3,7,NA,NA,NA,NA,NA,NA,NA,NA,NA,NA,5.9,NA
547,20,Female,Undergraduate,UAE,Yes,6.1,5,In Relationship,4,8,6.9,NA,NA,NA,NA,NA,NA,NA,NA,NA,NA,NA
548,22,Male,Graduate,Poland,No,8.3,7,Single,2,5,NA,NA,NA,NA,3.8,NA,NA,NA,NA,NA,NA,NA
549,19,Female,Undergraduate,India,Yes,5.6,5,In Relationship,4,8,NA,NA,NA,NA,NA,NA,NA,NA,NA,NA,7.2,NA
550,21,Male,Graduate,Canada,Yes,7.8,7,Single,3,6,4.4,NA,NA,NA,NA,NA,NA,NA,NA,NA,NA,NA
551,20,Female,Undergraduate,Brazil,Yes,6.8,6,Single,3,7,NA,NA,5.7,NA,NA,NA,NA,NA,NA,NA,NA,NA
552,22,Male,Graduate,China,No,8.3,7,In Relationship,2,5,NA,NA,NA,NA,NA,NA,NA,NA,NA,NA,NA,4
553,19,Female,Undergraduate,Netherlands,No,8.7,8,Single,2,4,3.3,NA,NA,NA,NA,NA,NA,NA,NA,NA,NA,NA
554,21,Male,Graduate,New Zealand,Yes,8,7,In Relationship,3,6,NA,NA,NA,NA,4.2,NA,NA,NA,NA,NA,NA,NA
555,20,Female,Undergraduate,Singapore,Yes,6.5,6,Single,3,7,NA,NA,5.6,NA,NA,NA,NA,NA,NA,NA,NA,NA
556,22,Male,Graduate,Malaysia,Yes,6.3,6,Single,3,7,NA,NA,NA,NA,NA,NA,NA,NA,NA,NA,6,NA
557,19,Female,Undergraduate,UAE,Yes,6,5,In Relationship,4,8,7,NA,NA,NA,NA,NA,NA,NA,NA,NA,NA,NA
558,21,Male,Graduate,Poland,No,8.4,7,Single,2,5,NA,NA,NA,NA,3.7,NA,NA,NA,NA,NA,NA,NA
559,20,Female,Undergraduate,India,Yes,5.5,5,In Relationship,4,8,NA,NA,NA,NA,NA,NA,NA,NA,NA,NA,7.3,NA
560,22,Male,Graduate,Canada,Yes,7.9,7,Single,3,6,NA,NA,4.3,NA,NA,NA,NA,NA,NA,NA,NA,NA
561,19,Female,Undergraduate,Brazil,Yes,6.9,6,Single,3,7,NA,NA,NA,NA,NA,NA,NA,NA,NA,NA,5.6,NA
562,21,Male,Graduate,China,No,8.4,7,In Relationship,2,5,NA,NA,NA,NA,NA,NA,NA,NA,NA,NA,NA,3.9
563,20,Female,Undergraduate,Netherlands,No,8.8,8,Single,2,4,3.2,NA,NA,NA,NA,NA,NA,NA,NA,NA,NA,NA
564,22,Male,Graduate,New Zealand,Yes,8.1,7,In Relationship,3,6,4.1,NA,NA,NA,NA,NA,NA,NA,NA,NA,NA,NA
565,19,Female,Undergraduate,Singapore,Yes,6.4,6,Single,3,7,NA,NA,5.7,NA,NA,NA,NA,NA,NA,NA,NA,NA
566,21,Male,Graduate,Malaysia,Yes,6.2,6,Single,3,7,NA,NA,NA,NA,NA,NA,NA,NA,NA,NA,6.1,NA
567,20,Female,Undergraduate,UAE,Yes,5.9,5,In Relationship,4,8,7.1,NA,NA,NA,NA,NA,NA,NA,NA,NA,NA,NA
568,22,Male,Graduate,Poland,No,8.5,7,Single,2,5,NA,NA,NA,NA,3.6,NA,NA,NA,NA,NA,NA,NA
569,19,Female,Undergraduate,India,Yes,5.4,5,In Relationship,4,8,NA,NA,NA,NA,NA,NA,NA,NA,NA,NA,7.4,NA
570,21,Male,Graduate,Canada,Yes,8,7,Single,3,6,4.2,NA,NA,NA,NA,NA,NA,NA,NA,NA,NA,NA
571,20,Female,Undergraduate,Spain,Yes,7.2,5,Single,4,7,6.1,NA,NA,NA,NA,NA,NA,NA,NA,NA,NA,NA
572,23,Male,Graduate,Denmark,No,7.8,8,In Relationship,2,4,NA,3.8,NA,NA,NA,NA,NA,NA,NA,NA,NA,NA
573,19,Female,Undergraduate,Ireland,Yes,6.8,6,Single,4,8,NA,NA,5.5,NA,NA,NA,NA,NA,NA,NA,NA,NA
574,22,Male,Graduate,India,Yes,5.9,4,Single,5,9,NA,NA,NA,NA,7.2,NA,NA,NA,NA,NA,NA,NA
575,21,Female,Undergraduate,Switzerland,No,7.5,7,In Relationship,2,5,4.2,NA,NA,NA,NA,NA,NA,NA,NA,NA,NA,NA
576,24,Male,Graduate,Turkey,Yes,6.2,5,Single,4,8,NA,NA,6.8,NA,NA,NA,NA,NA,NA,NA,NA,NA
577,20,Female,Undergraduate,USA,Yes,6.7,6,In Relationship,3,7,5.9,NA,NA,NA,NA,NA,NA,NA,NA,NA,NA,NA
578,22,Male,Graduate,Mexico,Yes,6.1,5,Single,4,8,NA,NA,NA,NA,6.5,NA,NA,NA,NA,NA,NA,NA
579,19,Female,Undergraduate,France,No,7.4,7,Single,2,5,NA,4.7,NA,NA,NA,NA,NA,NA,NA,NA,NA,NA
580,23,Male,Graduate,Canada,Yes,7,6,In Relationship,3,6,5.2,NA,NA,NA,NA,NA,NA,NA,NA,NA,NA,NA
581,21,Female,Undergraduate,UK,Yes,6.4,5,Single,4,8,NA,NA,6.3,NA,NA,NA,NA,NA,NA,NA,NA,NA
582,24,Male,Graduate,Italy,No,7.3,7,In Relationship,2,5,NA,NA,NA,NA,4.9,NA,NA,NA,NA,NA,NA,NA
583,20,Female,Undergraduate,Russia,Yes,6,5,Single,4,8,6.7,NA,NA,NA,NA,NA,NA,NA,NA,NA,NA,NA
584,22,Male,Graduate,China,Yes,6.5,6,In Relationship,3,7,NA,NA,NA,NA,NA,NA,NA,NA,NA,NA,NA,5.8
585,19,Female,Undergraduate,Japan,No,7.6,8,Single,2,4,NA,4.5,NA,NA,NA,NA,NA,NA,NA,NA,NA,NA
586,23,Male,Graduate,Poland,Yes,6.3,5,Single,4,8,NA,NA,NA,NA,6.4,NA,NA,NA,NA,NA,NA,NA
587,21,Female,Undergraduate,Finland,No,7.7,7,In Relationship,2,5,4.1,NA,NA,NA,NA,NA,NA,NA,NA,NA,NA,NA
588,24,Male,Graduate,Spain,Yes,6.2,5,Single,4,8,NA,NA,6.6,NA,NA,NA,NA,NA,NA,NA,NA,NA
589,20,Female,Undergraduate,Denmark,No,7.4,7,In Relationship,2,5,4.4,NA,NA,NA,NA,NA,NA,NA,NA,NA,NA,NA
590,22,Male,Graduate,Ireland,Yes,6.8,6,Single,3,7,NA,5.7,NA,NA,NA,NA,NA,NA,NA,NA,NA,NA
591,19,Female,Undergraduate,India,Yes,5.8,4,Single,5,9,7,NA,NA,NA,NA,NA,NA,NA,NA,NA,NA,NA
592,23,Male,Graduate,Switzerland,No,7.5,7,In Relationship,2,5,NA,NA,NA,NA,4.3,NA,NA,NA,NA,NA,NA,NA
593,21,Female,Undergraduate,Turkey,Yes,6.1,5,Single,4,8,NA,NA,6.9,NA,NA,NA,NA,NA,NA,NA,NA,NA
594,24,Male,Graduate,USA,Yes,6.9,6,In Relationship,3,7,5.6,NA,NA,NA,NA,NA,NA,NA,NA,NA,NA,NA
595,20,Female,Undergraduate,Mexico,Yes,6.3,5,Single,4,8,NA,NA,NA,NA,6.2,NA,NA,NA,NA,NA,NA,NA
596,21,Male,Undergraduate,France,Yes,6.7,6,Single,3,7,5.8,NA,NA,NA,NA,NA,NA,NA,NA,NA,NA,NA
597,23,Female,Graduate,Canada,No,7.3,7,In Relationship,2,5,NA,NA,4.9,NA,NA,NA,NA,NA,NA,NA,NA,NA
598,20,Male,Undergraduate,UK,Yes,6.2,5,Single,4,8,NA,NA,NA,NA,6.4,NA,NA,NA,NA,NA,NA,NA
599,22,Female,Graduate,Italy,No,7.1,7,In Relationship,2,5,NA,5.1,NA,NA,NA,NA,NA,NA,NA,NA,NA,NA
600,19,Male,Undergraduate,Russia,Yes,6,4,Single,4,8,6.7,NA,NA,NA,NA,NA,NA,NA,NA,NA,NA,NA
601,24,Female,Graduate,China,Yes,6.8,6,In Relationship,3,7,NA,NA,NA,NA,NA,NA,NA,NA,NA,NA,NA,5.5
602,21,Male,Undergraduate,Japan,No,7.6,8,Single,2,4,NA,4.3,NA,NA,NA,NA,NA,NA,NA,NA,NA,NA
603,23,Female,Graduate,Poland,Yes,6.4,5,Single,4,8,6.2,NA,NA,NA,NA,NA,NA,NA,NA,NA,NA,NA
604,20,Male,Undergraduate,Finland,No,7.4,7,In Relationship,2,5,NA,NA,NA,NA,4.5,NA,NA,NA,NA,NA,NA,NA
605,22,Female,Graduate,Spain,Yes,6.3,5,Single,4,8,NA,NA,6.3,NA,NA,NA,NA,NA,NA,NA,NA,NA
606,19,Male,Undergraduate,Denmark,No,7.2,7,In Relationship,2,5,4.7,NA,NA,NA,NA,NA,NA,NA,NA,NA,NA,NA
607,24,Female,Graduate,Ireland,Yes,6.6,6,Single,3,7,NA,5.9,NA,NA,NA,NA,NA,NA,NA,NA,NA,NA
608,21,Male,Undergraduate,India,Yes,5.7,4,Single,5,9,NA,NA,NA,NA,7.1,NA,NA,NA,NA,NA,NA,NA
609,23,Female,Graduate,Switzerland,No,7.4,7,In Relationship,2,5,4.4,NA,NA,NA,NA,NA,NA,NA,NA,NA,NA,NA
610,20,Male,Undergraduate,Turkey,Yes,6.2,5,Single,4,8,NA,NA,6.6,NA,NA,NA,NA,NA,NA,NA,NA,NA
611,22,Female,Graduate,USA,Yes,6.9,6,In Relationship,3,7,5.4,NA,NA,NA,NA,NA,NA,NA,NA,NA,NA,NA
612,19,Male,Undergraduate,Mexico,Yes,6.1,5,Single,4,8,NA,NA,NA,NA,6.5,NA,NA,NA,NA,NA,NA,NA
613,24,Female,Graduate,France,No,7.3,7,In Relationship,2,5,NA,4.8,NA,NA,NA,NA,NA,NA,NA,NA,NA,NA
614,21,Male,Undergraduate,Canada,Yes,6.7,6,Single,3,7,5.7,NA,NA,NA,NA,NA,NA,NA,NA,NA,NA,NA
615,23,Female,Graduate,UK,Yes,6.4,5,Single,4,8,NA,NA,6.1,NA,NA,NA,NA,NA,NA,NA,NA,NA
616,20,Male,Undergraduate,Italy,No,7.2,7,In Relationship,2,5,NA,NA,NA,NA,4.6,NA,NA,NA,NA,NA,NA,NA
617,22,Female,Graduate,Russia,Yes,5.9,4,Single,5,9,6.8,NA,NA,NA,NA,NA,NA,NA,NA,NA,NA,NA
618,19,Male,Undergraduate,China,Yes,6.8,6,In Relationship,3,7,NA,NA,NA,NA,NA,NA,NA,NA,NA,NA,NA,5.6
619,24,Female,Graduate,Japan,No,7.5,8,Single,2,4,NA,4.2,NA,NA,NA,NA,NA,NA,NA,NA,NA,NA
620,21,Male,Undergraduate,Poland,Yes,6.3,5,Single,4,8,NA,NA,6.3,NA,NA,NA,NA,NA,NA,NA,NA,NA
621,23,Female,Graduate,Finland,No,7.4,7,In Relationship,2,5,4.4,NA,NA,NA,NA,NA,NA,NA,NA,NA,NA,NA
622,20,Male,Undergraduate,Spain,Yes,6.2,5,Single,4,8,NA,NA,NA,NA,6.5,NA,NA,NA,NA,NA,NA,NA
623,22,Female,Graduate,Denmark,No,7.3,7,In Relationship,2,5,NA,4.6,NA,NA,NA,NA,NA,NA,NA,NA,NA,NA
624,19,Male,Undergraduate,Ireland,Yes,6.6,6,Single,3,7,5.8,NA,NA,NA,NA,NA,NA,NA,NA,NA,NA,NA
625,24,Female,Graduate,India,Yes,5.8,4,Single,5,9,NA,NA,7,NA,NA,NA,NA,NA,NA,NA,NA,NA
626,21,Male,Undergraduate,Switzerland,No,7.3,7,In Relationship,2,5,NA,NA,NA,NA,4.5,NA,NA,NA,NA,NA,NA,NA
627,23,Female,Graduate,Turkey,Yes,6.1,5,Single,4,8,6.7,NA,NA,NA,NA,NA,NA,NA,NA,NA,NA,NA
628,20,Male,Undergraduate,USA,Yes,6.8,6,In Relationship,3,7,NA,5.5,NA,NA,NA,NA,NA,NA,NA,NA,NA,NA
629,22,Female,Graduate,Mexico,Yes,6.2,5,Single,4,8,NA,NA,NA,NA,6.4,NA,NA,NA,NA,NA,NA,NA
630,19,Male,Undergraduate,France,No,7.2,7,In Relationship,2,5,4.7,NA,NA,NA,NA,NA,NA,NA,NA,NA,NA,NA
631,24,Female,Graduate,Canada,Yes,6.7,6,Single,3,7,NA,NA,5.6,NA,NA,NA,NA,NA,NA,NA,NA,NA
632,21,Male,Undergraduate,UK,Yes,6.3,5,Single,4,8,NA,NA,NA,NA,6.2,NA,NA,NA,NA,NA,NA,NA
633,23,Female,Graduate,Italy,No,7.1,7,In Relationship,2,5,NA,4.8,NA,NA,NA,NA,NA,NA,NA,NA,NA,NA
634,20,Male,Undergraduate,Russia,Yes,5.9,4,Single,5,9,6.9,NA,NA,NA,NA,NA,NA,NA,NA,NA,NA,NA
635,22,Female,Graduate,China,Yes,6.7,6,In Relationship,3,7,NA,NA,NA,NA,NA,NA,NA,NA,NA,NA,NA,5.7
636,19,Male,Undergraduate,Japan,No,7.4,8,Single,2,4,NA,4.4,NA,NA,NA,NA,NA,NA,NA,NA,NA,NA
637,24,Female,Graduate,Poland,Yes,6.4,5,Single,4,8,NA,NA,6.1,NA,NA,NA,NA,NA,NA,NA,NA,NA
638,21,Male,Undergraduate,Finland,No,7.5,7,In Relationship,2,5,4.3,NA,NA,NA,NA,NA,NA,NA,NA,NA,NA,NA
639,23,Female,Graduate,Spain,Yes,6.2,5,Single,4,8,NA,NA,NA,NA,6.4,NA,NA,NA,NA,NA,NA,NA
640,20,Male,Undergraduate,Denmark,No,7.3,7,In Relationship,2,5,NA,4.5,NA,NA,NA,NA,NA,NA,NA,NA,NA,NA
641,22,Female,Graduate,Ireland,Yes,6.5,6,Single,3,7,5.9,NA,NA,NA,NA,NA,NA,NA,NA,NA,NA,NA
642,19,Male,Undergraduate,India,Yes,5.7,4,Single,5,9,NA,NA,7.2,NA,NA,NA,NA,NA,NA,NA,NA,NA
643,24,Female,Graduate,Switzerland,No,7.2,7,In Relationship,2,5,NA,NA,NA,NA,4.6,NA,NA,NA,NA,NA,NA,NA
644,21,Male,Undergraduate,Turkey,Yes,6,5,Single,4,8,6.8,NA,NA,NA,NA,NA,NA,NA,NA,NA,NA,NA
645,23,Female,Graduate,USA,Yes,6.8,6,In Relationship,3,7,NA,5.3,NA,NA,NA,NA,NA,NA,NA,NA,NA,NA
646,22,Male,Graduate,Mexico,Yes,6.2,5,Single,4,8,NA,NA,NA,NA,6.3,NA,NA,NA,NA,NA,NA,NA
647,20,Female,Undergraduate,France,No,7.1,7,In Relationship,2,5,4.8,NA,NA,NA,NA,NA,NA,NA,NA,NA,NA,NA
648,23,Male,Graduate,Canada,Yes,6.6,6,Single,3,7,NA,NA,5.7,NA,NA,NA,NA,NA,NA,NA,NA,NA
649,21,Female,Undergraduate,UK,Yes,6.3,5,Single,4,8,NA,6.2,NA,NA,NA,NA,NA,NA,NA,NA,NA,NA
650,24,Male,Graduate,Italy,No,7.2,7,In Relationship,2,5,NA,NA,NA,NA,4.7,NA,NA,NA,NA,NA,NA,NA
651,19,Female,Undergraduate,Russia,Yes,5.9,4,Single,5,9,6.8,NA,NA,NA,NA,NA,NA,NA,NA,NA,NA,NA
652,22,Male,Graduate,China,Yes,6.7,6,In Relationship,3,7,NA,NA,NA,NA,NA,NA,NA,NA,NA,NA,NA,5.6
653,20,Female,Undergraduate,Japan,No,7.5,8,Single,2,4,NA,4.3,NA,NA,NA,NA,NA,NA,NA,NA,NA,NA
654,23,Male,Graduate,Poland,Yes,6.3,5,Single,4,8,NA,NA,6.2,NA,NA,NA,NA,NA,NA,NA,NA,NA
655,21,Female,Undergraduate,Finland,No,7.4,7,In Relationship,2,5,4.4,NA,NA,NA,NA,NA,NA,NA,NA,NA,NA,NA
656,24,Male,Graduate,Spain,Yes,6.1,5,Single,4,8,NA,NA,NA,NA,6.5,NA,NA,NA,NA,NA,NA,NA
657,19,Female,Undergraduate,Denmark,No,7.3,7,In Relationship,2,5,NA,4.6,NA,NA,NA,NA,NA,NA,NA,NA,NA,NA
658,22,Male,Graduate,Ireland,Yes,6.6,6,Single,3,7,5.8,NA,NA,NA,NA,NA,NA,NA,NA,NA,NA,NA
659,20,Female,Undergraduate,India,Yes,5.8,4,Single,5,9,NA,NA,7.1,NA,NA,NA,NA,NA,NA,NA,NA,NA
660,23,Male,Graduate,Switzerland,No,7.3,7,In Relationship,2,5,NA,NA,NA,NA,4.5,NA,NA,NA,NA,NA,NA,NA
661,21,Female,Undergraduate,Turkey,Yes,6,5,Single,4,8,6.7,NA,NA,NA,NA,NA,NA,NA,NA,NA,NA,NA
662,24,Male,Graduate,USA,Yes,6.8,6,In Relationship,3,7,NA,5.4,NA,NA,NA,NA,NA,NA,NA,NA,NA,NA
663,19,Female,Undergraduate,Mexico,Yes,6.2,5,Single,4,8,NA,NA,6.4,NA,NA,NA,NA,NA,NA,NA,NA,NA
664,22,Male,Graduate,France,No,7.2,7,In Relationship,2,5,NA,NA,NA,NA,4.7,NA,NA,NA,NA,NA,NA,NA
665,20,Female,Undergraduate,Canada,Yes,6.7,6,Single,3,7,5.6,NA,NA,NA,NA,NA,NA,NA,NA,NA,NA,NA
666,23,Male,Graduate,UK,Yes,6.2,5,Single,4,8,NA,6.3,NA,NA,NA,NA,NA,NA,NA,NA,NA,NA
667,21,Female,Undergraduate,Italy,No,7.1,7,In Relationship,2,5,NA,NA,4.8,NA,NA,NA,NA,NA,NA,NA,NA,NA
668,24,Male,Graduate,Russia,Yes,5.9,4,Single,5,9,6.9,NA,NA,NA,NA,NA,NA,NA,NA,NA,NA,NA
669,19,Female,Undergraduate,China,Yes,6.7,6,In Relationship,3,7,NA,NA,NA,NA,NA,NA,NA,NA,NA,NA,NA,5.7
670,22,Male,Graduate,Japan,No,7.4,8,Single,2,4,NA,4.4,NA,NA,NA,NA,NA,NA,NA,NA,NA,NA
671,20,Female,Undergraduate,Poland,Yes,6.4,5,Single,4,8,NA,NA,NA,NA,6.1,NA,NA,NA,NA,NA,NA,NA
672,23,Male,Graduate,Finland,No,7.5,7,In Relationship,2,5,4.3,NA,NA,NA,NA,NA,NA,NA,NA,NA,NA,NA
673,21,Female,Undergraduate,Spain,Yes,6.2,5,Single,4,8,NA,NA,6.4,NA,NA,NA,NA,NA,NA,NA,NA,NA
674,24,Male,Graduate,Denmark,No,7.3,7,In Relationship,2,5,NA,4.5,NA,NA,NA,NA,NA,NA,NA,NA,NA,NA
675,19,Female,Undergraduate,Ireland,Yes,6.5,6,Single,3,7,5.9,NA,NA,NA,NA,NA,NA,NA,NA,NA,NA,NA
676,22,Male,Graduate,India,Yes,5.7,4,Single,5,9,NA,NA,NA,NA,7.2,NA,NA,NA,NA,NA,NA,NA
677,20,Female,Undergraduate,Switzerland,No,7.2,7,In Relationship,2,5,NA,NA,4.6,NA,NA,NA,NA,NA,NA,NA,NA,NA
678,23,Male,Graduate,Turkey,Yes,6,5,Single,4,8,6.8,NA,NA,NA,NA,NA,NA,NA,NA,NA,NA,NA
679,21,Female,Undergraduate,USA,Yes,6.8,6,In Relationship,3,7,NA,5.3,NA,NA,NA,NA,NA,NA,NA,NA,NA,NA
680,24,Male,Graduate,Mexico,Yes,6.3,5,Single,4,8,NA,NA,NA,NA,6.2,NA,NA,NA,NA,NA,NA,NA
681,19,Female,Undergraduate,France,No,7.2,7,In Relationship,2,5,4.7,NA,NA,NA,NA,NA,NA,NA,NA,NA,NA,NA
682,22,Male,Graduate,Canada,Yes,6.6,6,Single,3,7,NA,NA,5.8,NA,NA,NA,NA,NA,NA,NA,NA,NA
683,20,Female,Undergraduate,UK,Yes,6.4,5,Single,4,8,NA,6.1,NA,NA,NA,NA,NA,NA,NA,NA,NA,NA
684,23,Male,Graduate,Italy,No,7.1,7,In Relationship,2,5,NA,NA,NA,NA,4.8,NA,NA,NA,NA,NA,NA,NA
685,21,Female,Undergraduate,Russia,Yes,6,4,Single,5,9,6.7,NA,NA,NA,NA,NA,NA,NA,NA,NA,NA,NA
686,24,Male,Graduate,China,Yes,6.8,6,In Relationship,3,7,NA,NA,NA,NA,NA,NA,NA,NA,NA,NA,NA,5.5
687,19,Female,Undergraduate,Japan,No,7.5,8,Single,2,4,NA,4.2,NA,NA,NA,NA,NA,NA,NA,NA,NA,NA
688,22,Male,Graduate,Poland,Yes,6.2,5,Single,4,8,NA,NA,6.3,NA,NA,NA,NA,NA,NA,NA,NA,NA
689,20,Female,Undergraduate,Finland,No,7.4,7,In Relationship,2,5,4.4,NA,NA,NA,NA,NA,NA,NA,NA,NA,NA,NA
690,23,Male,Graduate,Spain,Yes,6.1,5,Single,4,8,NA,NA,NA,NA,6.5,NA,NA,NA,NA,NA,NA,NA
691,21,Female,Undergraduate,Denmark,No,7.3,7,In Relationship,2,5,NA,4.6,NA,NA,NA,NA,NA,NA,NA,NA,NA,NA
692,24,Male,Graduate,Ireland,Yes,6.5,6,Single,3,7,5.9,NA,NA,NA,NA,NA,NA,NA,NA,NA,NA,NA
693,19,Female,Undergraduate,India,Yes,5.8,4,Single,5,9,NA,NA,7,NA,NA,NA,NA,NA,NA,NA,NA,NA
694,22,Male,Graduate,Switzerland,No,7.3,7,In Relationship,2,5,NA,NA,NA,NA,4.5,NA,NA,NA,NA,NA,NA,NA
695,20,Female,Undergraduate,Turkey,Yes,6.1,5,Single,4,8,6.6,NA,NA,NA,NA,NA,NA,NA,NA,NA,NA,NA
696,23,Male,Graduate,USA,Yes,6.7,6,In Relationship,3,7,NA,5.5,NA,NA,NA,NA,NA,NA,NA,NA,NA,NA
697,21,Female,Undergraduate,Mexico,Yes,6.2,5,Single,4,8,NA,NA,6.3,NA,NA,NA,NA,NA,NA,NA,NA,NA
698,24,Male,Graduate,France,No,7.1,7,In Relationship,2,5,NA,NA,NA,NA,4.8,NA,NA,NA,NA,NA,NA,NA
699,19,Female,Undergraduate,Canada,Yes,6.6,6,Single,3,7,5.7,NA,NA,NA,NA,NA,NA,NA,NA,NA,NA,NA
700,22,Male,Graduate,UK,Yes,6.3,5,Single,4,8,NA,6.2,NA,NA,NA,NA,NA,NA,NA,NA,NA,NA
701,20,Female,Undergraduate,Italy,No,7.2,7,In Relationship,2,5,NA,NA,4.7,NA,NA,NA,NA,NA,NA,NA,NA,NA
702,23,Male,Graduate,Russia,Yes,5.9,4,Single,5,9,6.8,NA,NA,NA,NA,NA,NA,NA,NA,NA,NA,NA
703,21,Female,Undergraduate,China,Yes,6.7,6,In Relationship,3,7,NA,NA,NA,NA,NA,NA,NA,NA,NA,NA,NA,5.6
704,24,Male,Graduate,Japan,No,7.5,8,Single,2,4,NA,4.3,NA,NA,NA,NA,NA,NA,NA,NA,NA,NA
705,19,Female,Undergraduate,Poland,Yes,6.3,5,Single,4,8,NA,NA,NA,NA,6.2,NA,NA,NA,NA,NA,NA,NA
